MSSubClass,MSZoning,LotFrontage,LotArea,Street,LotShape,LandContour,Utilities,LotConfig,LandSlope,Neighborhood,Condition1,Condition2,BldgType,HouseStyle,OverallQual,OverallCond,YearBuilt,YearRemodAdd,RoofStyle,RoofMatl,Exterior1st,Exterior2nd,MasVnrType,MasVnrArea,ExterQual,ExterCond,Foundation,BsmtQual,BsmtCond,BsmtExposure,BsmtFinType1,BsmtFinSF1,BsmtFinType2,BsmtFinSF2,BsmtUnfSF,TotalBsmtSF,Heating,HeatingQC,CentralAir,Electrical,1stFlrSF,2ndFlrSF,LowQualFinSF,GrLivArea,BsmtFullBath,BsmtHalfBath,FullBath,HalfBath,BedroomAbvGr,KitchenAbvGr,KitchenQual,TotRmsAbvGrd,Functional,Fireplaces,GarageType,GarageYrBlt,GarageFinish,GarageCars,GarageArea,GarageQual,GarageCond,PavedDrive,WoodDeckSF,OpenPorchSF,EnclosedPorch,3SsnPorch,ScreenPorch,PoolArea,MiscVal,MoSold,YrSold,SaleType,SaleCondition,SalePrice
0.6666666666666667,0.0,0.3999999999999999,0.26175687666370895,0.0,1.0,0.0,0.0,1.0,0.0,0.0,0.0,0.0,0.0,0.7142857142857142,0.75,0.33333333333333326,0.913043478260871,0.8983050847457577,0.0,0.0,0.8181818181818181,0.8,0.0,0.5632183908045977,0.0,0.0,1.0,0.0,0.0,1.0,0.4,0.5612082670906201,0.0,0.0,0.07457627118644068,0.38499184339314846,0.0,0.0,0.0,0.0,0.11570827489481067,0.6630434782608695,0.0,0.5464547677261613,1.0,0.0,0.5,1.0,0.6666666666666667,0.0,0.0,0.6666666666666666,0.0,0.0,0.0,0.913043478260871,0.5,0.6666666666666666,0.6075388026607539,0.0,0.0,0.0,0.0,0.3935483870967742,0.0,0.0,0.0,0.0,0.0,0.09090909090909091,0.5,0.0,0.0,0.6072289156626507
0.6666666666666667,0.0,0.44285714285714284,0.5102040816326531,0.0,0.0,0.0,0.0,1.0,0.0,0.0,0.0,0.0,0.0,0.7142857142857142,0.75,0.33333333333333326,0.8840579710144922,0.8813559322033839,0.0,0.0,0.8181818181818181,0.8,0.0,0.46551724137931033,0.0,0.0,1.0,0.0,0.0,0.5,0.4,0.38632750397456284,0.0,0.0,0.2671186440677966,0.4371941272430669,0.0,0.0,0.0,0.0,0.1605890603085554,0.6723602484472049,0.0,0.5929095354523226,1.0,0.0,0.5,1.0,0.6666666666666667,0.0,0.0,0.33333333333333337,0.0,0.5,0.0,0.8840579710144922,0.5,0.6666666666666666,0.6740576496674058,0.0,0.0,0.0,0.0,0.2709677419354839,0.0,0.0,0.0,0.0,0.0,0.7272727272727273,0.5,0.0,0.0,0.6795180722891567
0.0,0.0,0.4571428571428571,0.270097604259095,0.0,0.0,0.0,0.0,0.25,0.0,0.736842105263158,0.0,0.0,0.0,0.2857142857142857,0.25,0.6666666666666667,0.37681159420289845,0.9491525423728788,0.0,0.0,0.2727272727272727,0.10000000000000009,0.0,0.0,1.0,0.0,0.5,1.0,0.0,1.0,1.0,0.0,0.0,0.0,0.8054237288135594,0.6884176182707995,0.0,0.5,0.0,0.0,0.3765778401122019,0.0,0.0,0.2518337408312958,0.0,0.0,0.0,1.0,0.6666666666666667,0.0,0.0,0.33333333333333337,0.0,0.0,0.0,0.37681159420289845,1.0,0.3333333333333333,0.3004434589800443,0.0,0.0,0.0,0.0,0.41935483870967744,0.0,0.0,0.0,0.0,0.0,0.4545454545454545,0.5,0.0,0.0,0.32216867469879523
0.0,0.0,0.41428571428571426,0.19893522626441884,0.0,1.0,0.0,0.0,1.0,0.0,0.736842105263158,0.0,0.0,0.0,0.2857142857142857,0.25,0.9999999999999998,0.37681159420289845,0.2711864406779654,0.0,0.0,0.2727272727272727,0.10000000000000009,0.0,0.0,1.0,0.0,0.5,1.0,0.0,1.0,0.2,0.6065182829888712,0.0,0.0,0.10305084745762712,0.46574225122349105,0.0,0.0,0.0,0.0,0.1851332398316971,0.0,0.0,0.08496332518337407,1.0,0.0,0.0,0.0,0.6666666666666667,0.0,1.0,0.33333333333333337,0.0,0.0,0.0,0.37681159420289845,1.0,0.3333333333333333,0.4279379157427938,0.0,0.0,0.0,0.0,0.0,0.0,0.0,0.0,0.0,0.0,0.0,0.25,0.0,0.0,0.21445783132530122
0.6666666666666667,0.0,0.7428571428571428,0.5452528837622006,0.0,0.0,0.0,0.0,0.0,0.0,0.0,0.0,0.0,0.0,0.7142857142857142,0.75,0.33333333333333326,0.9275362318840585,0.9152542372881314,0.0,0.0,0.8181818181818181,0.8,0.0,0.0,0.0,0.0,1.0,0.0,0.0,1.0,1.0,0.0,0.0,0.0,0.5559322033898305,0.3882544861337684,0.0,0.0,0.0,0.0,0.11851332398316966,0.6677018633540373,0.0,0.5525672371638142,0.0,0.0,0.5,1.0,0.6666666666666667,0.0,0.0,0.4999999999999999,0.0,0.0,0.0,0.9275362318840585,0.5,0.6666666666666666,0.6263858093126385,0.0,0.0,0.0,0.0,0.45161290322580644,0.0,0.0,0.0,0.0,0.0,0.6363636363636364,0.0,0.0,0.0,0.5493975903614459
0.0,0.0,0.4571428571428571,0.18624667258207628,0.0,1.0,0.0,0.0,0.0,0.0,0.31578947368421056,0.0,0.0,0.0,0.2857142857142857,0.0,0.6666666666666667,0.608695652173914,0.9491525423728788,0.0,0.0,0.2727272727272727,0.5,0.0,0.0,1.0,0.0,0.5,1.0,0.0,1.0,0.0,0.4491255961844197,0.0,0.0,0.16271186440677965,0.3760195758564437,0.0,1.0,0.0,0.0,0.10799438990182325,0.0,0.0,0.017726161369193083,1.0,0.0,0.0,0.0,0.3333333333333333,0.0,1.0,0.0,0.0,0.0,1.0,0.6811594202898554,1.0,0.6666666666666666,0.3991130820399113,0.0,0.0,0.0,0.0,0.0,0.0,0.0,0.0,0.0,0.0,0.4545454545454545,0.25,0.0,0.0,0.2265060240963856
0.0,0.0,0.3285714285714285,0.22803904170363798,0.0,1.0,0.0,0.0,1.0,0.0,0.0,0.0,0.0,0.0,0.2857142857142857,0.0,0.33333333333333326,0.7826086956521721,0.762711864406775,0.0,0.0,0.8181818181818181,0.8,0.0,0.0,1.0,0.0,1.0,0.0,0.0,1.0,0.4,0.4674085850556439,0.0,0.0,0.24542372881355934,0.4942903752039152,0.0,0.0,0.0,0.0,0.2096774193548387,0.0,0.0,0.10635696821515889,1.0,0.0,0.0,0.0,0.6666666666666667,0.0,1.0,0.16666666666666663,0.0,0.0,0.0,0.5797101449275353,1.0,0.0,0.0,0.0,0.0,0.0,0.0,0.0,0.0,0.0,0.0,0.0,0.0,0.6363636363636364,0.25,0.0,0.0,0.1980722891566265
0.0,0.0,0.4571428571428571,0.4527950310559007,0.0,0.0,0.0,0.0,1.0,0.0,0.47368421052631576,0.0,0.0,0.0,0.2857142857142857,0.5,0.9999999999999998,0.5362318840579725,0.8644067796610173,0.0,0.0,0.5454545454545455,0.5,0.0,0.08045977011494253,1.0,0.0,1.0,1.0,0.0,0.5,0.0,0.9538950715421304,0.0,0.0,0.25084745762711863,1.0,0.0,0.5,0.0,0.0,0.6444600280504909,0.0,0.0,0.48533007334963324,1.0,0.0,0.5,0.0,0.6666666666666667,0.0,0.0,0.33333333333333337,0.0,1.0,0.0,0.5362318840579725,0.5,0.6666666666666666,0.532150776053215,0.0,0.0,0.0,0.46408839779005523,0.43870967741935485,0.0,0.0,0.0,0.0,0.0,0.09090909090909091,1.0,0.0,0.0,0.5903614457831325
0.6666666666666667,0.0,0.5714285714285713,0.32883762200532385,0.0,1.0,0.0,0.0,1.0,0.0,0.7894736842105263,0.0,0.0,0.0,0.7142857142857142,0.5,0.33333333333333326,0.6521739130434767,0.5932203389830448,0.0,0.0,0.2727272727272727,0.10000000000000009,0.0,0.9655172413793103,0.0,0.0,0.5,0.0,0.0,1.0,1.0,0.0,0.0,0.0,0.47525423728813565,0.2911908646003262,0.0,1.0,0.0,0.0,0.20056100981767183,0.5861801242236024,0.0,0.5599022004889975,0.0,0.0,0.5,1.0,0.6666666666666667,0.0,0.0,0.4999999999999999,0.0,0.5,0.0,0.6521739130434767,0.0,0.6666666666666666,0.5277161862527716,0.0,0.0,0.0,0.5303867403314917,0.2967741935483871,0.0,0.0,0.0,0.0,0.0,0.4545454545454545,1.0,0.0,0.0,0.46024096385542174
0.0,0.0,0.8142857142857142,0.43496007098491574,0.0,0.0,0.0,0.0,0.0,0.0,0.0,0.0,0.0,0.0,0.2857142857142857,0.75,0.33333333333333326,1.0,1.0,0.0,0.0,0.8181818181818181,0.8,0.0,0.0,1.0,0.0,1.0,0.0,0.0,1.0,1.0,0.0,0.0,0.0,0.8040677966101696,0.6867862969004894,0.0,0.0,0.0,0.0,0.37517531556802247,0.0,0.0,0.2506112469437653,0.0,0.0,0.5,0.0,0.6666666666666667,0.0,0.0,0.33333333333333337,0.0,0.0,0.0,1.0,0.5,1.0,0.8203991130820399,0.0,0.0,0.0,0.0,0.23225806451612904,0.0,0.0,0.0,0.0,0.0,0.36363636363636365,1.0,0.0,0.0,0.5609638554216867
1.0,0.0,0.4571428571428571,0.19964507542147292,0.0,0.0,0.0,0.0,1.0,0.0,0.15789473684210525,0.0,0.0,0.0,1.0,0.75,0.33333333333333326,0.8695652173913047,0.8474576271186436,0.0,0.0,0.8181818181818181,0.8,0.0,0.0,1.0,0.0,1.0,0.0,0.0,1.0,0.4,0.1987281399046105,0.0,0.0,0.06372881355932204,0.0,0.0,0.0,0.0,0.0,0.058204768583450195,0.5093167701863354,0.0,0.3753056234718826,0.0,0.0,0.5,1.0,0.6666666666666667,0.0,1.0,0.4999999999999999,0.0,0.5,0.5,0.8695652173913047,0.0,0.6666666666666666,0.4434589800443459,0.0,0.0,0.0,0.49723756906077343,0.0,0.0,0.0,0.0,0.0,0.0,0.2727272727272727,1.0,0.0,0.0,0.46987951807228917
0.6666666666666667,0.0,0.7285714285714285,0.771960958296362,0.0,1.0,0.0,0.0,0.0,0.0,0.3684210526315789,0.0,0.0,0.0,0.7142857142857142,0.75,0.6666666666666667,0.37681159420289845,0.2711864406779654,0.0,0.0,0.4545454545454546,0.30000000000000004,0.0,0.8879310344827586,1.0,0.0,0.5,1.0,0.0,1.0,0.8,0.3537360890302067,0.0,0.0,0.2976271186440678,0.4404567699836868,0.0,0.0,0.0,0.0,0.36816269284712483,0.7305900621118012,0.0,0.8196821515892421,0.0,0.0,0.5,1.0,1.0,0.0,0.0,0.6666666666666666,0.0,1.0,0.0,0.37681159420289845,0.0,0.6666666666666666,0.5399113082039911,0.0,0.0,0.0,0.2900552486187845,0.4258064516129032,0.0,0.0,0.0,0.0,0.0,0.36363636363636365,0.0,0.0,0.0,0.691566265060241
0.6666666666666667,0.0,0.4571428571428571,0.5966282165039929,0.0,0.0,0.0,0.0,0.0,0.0,0.15789473684210525,0.0,0.0,0.0,0.7142857142857142,0.5,0.33333333333333326,0.8695652173913047,0.8474576271186436,0.0,0.0,0.8181818181818181,0.8,0.0,0.11494252873563218,0.0,0.0,1.0,0.0,0.0,1.0,0.4,0.5524642289348172,0.0,0.0,0.17423728813559325,0.4959216965742251,0.0,0.0,0.0,0.0,0.23211781206171106,0.8012422360248447,0.0,0.756723716381418,1.0,0.0,0.5,1.0,0.6666666666666667,0.0,0.0,0.4999999999999999,0.0,0.5,0.5,0.8695652173913047,0.5,0.6666666666666666,0.43237250554323725,0.0,0.0,0.0,0.06629834254143646,0.3096774193548387,0.0,0.0,0.0,0.0,0.0,0.5454545454545454,0.75,0.0,0.0,0.7783132530120482
0.0,0.0,0.5428571428571428,0.16752440106477373,0.0,1.0,0.0,0.0,0.0,0.0,0.3684210526315789,0.0,0.0,0.0,0.2857142857142857,0.25,0.6666666666666667,0.27536231884057827,0.8813559322033839,0.0,0.0,0.4545454545454546,0.30000000000000004,0.0,0.0,1.0,0.0,0.5,1.0,0.0,1.0,0.8,0.321939586645469,0.0,0.0,0.4189830508474576,0.5538336052202284,0.0,0.5,0.0,0.0,0.44600280504908835,0.0,0.0,0.31234718826405866,1.0,0.0,0.0,0.0,0.6666666666666667,0.0,0.0,0.4999999999999999,0.0,0.0,1.0,0.4927536231884062,1.0,0.6666666666666666,0.6917960088691796,0.0,0.0,0.0,0.0,0.0,0.0,0.0,0.0,0.0,0.0,0.5454545454545454,0.25,0.0,0.0,0.3289156626506024
0.0,0.0,0.4571428571428571,0.43078970718722276,0.0,0.0,0.0,0.0,0.0,0.0,0.3684210526315789,0.0,0.0,0.0,0.2857142857142857,0.25,0.33333333333333326,0.39130434782608603,0.2881355932203391,0.0,0.0,0.4545454545454546,0.30000000000000004,0.0,0.5632183908045977,1.0,0.0,0.5,1.0,0.0,1.0,0.2,0.5524642289348172,0.0,0.0,0.3247457627118644,0.6769983686786296,0.0,1.0,0.0,0.0,0.3667601683029453,0.0,0.0,0.24327628361858183,0.0,0.0,0.5,0.0,0.6666666666666667,0.0,1.0,0.16666666666666663,0.0,0.5,0.0,0.39130434782608603,0.5,0.3333333333333333,0.352549889135255,0.0,0.0,0.0,0.0,0.7161290322580646,0.0,0.0,0.0,0.0,0.0,0.5454545454545454,0.25,0.0,0.0,0.291566265060241
0.6666666666666667,0.0,0.5142857142857143,0.31641526175687673,0.0,0.0,0.0,0.0,1.0,0.0,0.0,0.0,0.0,0.0,0.7142857142857142,1.0,0.33333333333333326,0.8550724637681171,0.8474576271186436,0.0,0.0,0.8181818181818181,0.8,0.0,0.9195402298850575,0.0,0.0,1.0,0.0,0.0,0.5,0.4,0.5310015898251192,0.0,0.0,0.20067796610169492,0.5057096247960848,0.0,0.0,0.0,0.0,0.21949509116409532,0.6583850931677018,0.0,0.6332518337408313,0.0,0.0,0.5,1.0,0.6666666666666667,0.0,0.0,0.4999999999999999,0.0,1.0,0.0,0.8550724637681171,0.0,1.0,0.7317073170731707,0.0,0.0,0.0,0.6187845303867403,0.6838709677419355,0.0,0.0,0.0,0.0,0.0,0.9999999999999999,0.5,0.0,0.0,0.7108433734939759
0.6666666666666667,0.0,0.3999999999999999,0.8807453416149069,0.0,0.0,0.0,0.0,1.0,0.0,0.0,0.0,0.0,0.0,0.7142857142857142,0.5,0.33333333333333326,0.8260869565217384,0.7966101694915224,0.0,0.0,0.8181818181818181,0.8,0.0,0.0,1.0,0.0,1.0,0.0,0.0,1.0,0.4,0.6526232114467408,0.0,0.0,0.04542372881355933,0.44371941272430665,0.0,0.0,0.0,0.0,0.1661991584852735,0.6490683229813664,0.0,0.5794621026894864,1.0,0.0,0.5,1.0,0.6666666666666667,0.0,0.0,0.4999999999999999,0.0,0.0,0.0,0.8260869565217384,0.5,0.6666666666666666,0.5210643015521065,0.0,0.0,0.0,0.7624309392265193,0.6387096774193548,0.0,0.0,0.0,0.0,0.0,0.6363636363636364,0.75,0.0,0.0,0.7180722891566265
0.0,0.0,0.5857142857142857,0.42901508429458746,0.0,0.0,0.0,0.0,1.0,0.0,0.0,0.0,0.0,0.0,0.2857142857142857,0.75,0.33333333333333326,0.8550724637681171,0.8305084745762699,0.0,0.0,0.8181818181818181,0.8,0.0,0.5258620689655172,0.0,0.0,1.0,0.0,0.0,0.0,0.4,0.5397456279809222,0.0,0.0,0.5227118644067796,0.902120717781403,0.0,0.0,0.0,0.0,0.568022440392707,0.0,0.0,0.4187041564792176,1.0,0.0,0.5,0.0,0.6666666666666667,0.0,0.0,0.33333333333333337,0.0,0.0,0.0,0.8550724637681171,0.5,0.6666666666666666,0.6396895787139689,0.0,0.0,0.0,0.39779005524861877,0.1870967741935484,0.0,0.0,0.0,0.0,0.0,0.4545454545454545,0.75,0.0,0.0,0.5855421686746989
0.6666666666666667,0.0,0.4571428571428571,0.3553682342502219,0.0,0.0,0.0,0.0,0.25,0.0,0.15789473684210525,0.0,0.0,0.0,0.7142857142857142,0.75,0.33333333333333326,0.8840579710144922,0.8644067796610173,0.0,0.0,0.8181818181818181,0.8,0.0,0.5172413793103449,0.0,0.0,1.0,0.0,0.0,1.0,1.0,0.0,0.0,0.0,0.5722033898305084,0.4078303425774878,0.0,0.0,0.0,0.0,0.13534361851332405,0.8936335403726707,0.0,0.7451100244498776,0.0,0.0,0.5,1.0,0.6666666666666667,0.0,0.0,0.6666666666666666,0.0,0.5,0.5,0.8840579710144922,0.0,0.6666666666666666,0.4811529933481153,0.0,0.0,0.0,0.39779005524861877,0.3096774193548387,0.0,0.0,0.0,0.0,0.0,0.36363636363636365,1.0,0.0,0.0,0.6746987951807228
0.0,0.0,0.37142857142857144,0.17746228926353147,0.0,1.0,0.0,0.0,1.0,0.0,0.7894736842105263,0.0,0.0,0.0,0.2857142857142857,0.75,0.33333333333333326,0.9275362318840585,0.9322033898305051,0.0,0.0,0.8181818181818181,0.8,0.0,0.3448275862068966,1.0,0.0,1.0,0.0,0.0,1.0,0.4,0.5405405405405406,0.0,0.0,0.24406779661016947,0.567699836867863,0.0,0.0,0.0,0.0,0.27279102384291726,0.0,0.0,0.16136919315403425,1.0,0.0,0.0,0.0,0.6666666666666667,0.0,0.0,0.33333333333333337,0.0,0.0,0.0,0.5797101449275353,1.0,0.0,0.0,0.0,0.0,0.0,0.0,0.0,0.0,0.0,0.0,0.0,0.0,0.2727272727272727,0.5,0.0,0.0,0.2819277108433735
0.6666666666666667,0.0,0.4571428571428571,0.8254658385093168,0.0,0.0,0.0,0.0,0.25,0.0,0.47368421052631576,0.0,0.0,0.0,0.7142857142857142,0.5,0.33333333333333326,0.4492753623188399,0.3559322033898269,0.0,0.0,0.2727272727272727,0.10000000000000009,0.0,0.7241379310344828,1.0,0.0,0.5,1.0,0.0,1.0,0.8,0.3306836248012719,0.0,0.0,0.2501694915254237,0.35970636215334423,0.0,0.5,0.0,0.0,0.2847124824684432,0.6956521739130435,0.0,0.7194376528117359,0.0,0.0,0.5,1.0,1.0,0.0,1.0,0.6666666666666666,0.0,0.5,0.0,0.4492753623188399,0.5,0.6666666666666666,0.5487804878048781,0.0,0.0,0.0,0.0,0.4258064516129032,0.0,0.0,0.0,0.0,0.0,0.4545454545454545,0.0,0.0,0.0,0.5180722891566265
0.0,0.0,0.4571428571428571,0.49866903283052355,0.0,0.0,0.0,0.0,0.25,0.0,1.0,0.0,0.0,0.0,0.2857142857142857,0.5,0.6666666666666667,0.6376811594202891,0.5762711864406782,0.0,0.0,0.5454545454545455,0.5,0.0,0.0,1.0,0.0,1.0,0.0,0.0,1.0,0.2,0.5246422893481717,0.0,0.0,0.36067796610169495,0.6916802610114192,0.0,1.0,0.0,0.0,0.379382889200561,0.0,0.0,0.254278728606357,0.0,0.0,0.5,0.0,0.6666666666666667,0.0,1.0,0.33333333333333337,0.0,0.0,0.0,0.6376811594202891,1.0,0.6666666666666666,0.5720620842572062,0.0,0.0,0.0,0.0,0.0,0.0,0.0,0.0,0.0,0.0,0.4545454545454545,0.5,0.0,0.0,0.38554216867469887
0.4166666666666667,0.0,0.2571428571428571,0.0,0.0,1.0,0.0,0.0,1.0,0.0,0.631578947368421,0.0,0.0,0.0,0.14285714285714285,0.0,0.6666666666666667,0.23188405797101552,0.10169491525423524,0.0,0.0,0.4545454545454546,0.30000000000000004,0.0,0.0,1.0,0.0,0.5,1.0,0.0,1.0,1.0,0.0,0.0,0.0,0.5708474576271186,0.4061990212071778,0.0,0.0,0.0,0.0,0.1339410939691445,0.0,0.0,0.040342298288508494,0.0,0.0,0.0,0.0,0.0,0.0,1.0,0.0,0.0,0.0,0.0,0.5797101449275353,1.0,0.0,0.0,0.0,0.0,0.0,0.0,0.0,0.0,0.0,0.0,0.0,0.0,0.2727272727272727,0.25,0.0,0.0,0.09975903614457832
0.6666666666666667,0.0,0.3571428571428571,0.24347826086956526,0.0,0.0,0.0,0.0,1.0,0.0,0.15789473684210525,0.0,0.0,0.0,0.7142857142857142,0.75,0.33333333333333326,0.9275362318840585,0.9152542372881314,0.0,0.0,0.8181818181818181,0.8,0.0,0.0,0.0,0.0,1.0,0.0,0.0,1.0,1.0,0.0,0.0,0.0,0.5423728813559322,0.3719412724306688,0.0,0.0,0.0,0.0,0.10448807854137449,0.6832298136645962,0.0,0.5525672371638142,0.0,0.0,0.5,1.0,0.6666666666666667,0.0,0.0,0.4999999999999999,0.0,0.5,0.0,0.9275362318840585,0.0,0.6666666666666666,0.4878048780487805,0.0,0.0,0.0,0.2762430939226519,0.3096774193548387,0.0,0.0,0.0,0.0,0.0,0.36363636363636365,0.25,0.0,0.0,0.4867469879518073
0.0,0.0,0.6571428571428571,0.4365572315882875,0.0,1.0,0.0,0.0,0.0,0.0,0.10526315789473684,0.0,0.0,0.0,0.2857142857142857,0.5,0.33333333333333326,1.0,1.0,0.0,0.0,0.8181818181818181,0.8,0.0,0.0,1.0,0.0,1.0,0.0,0.0,0.5,0.4,0.028616852146263912,0.0,0.0,0.7701694915254238,0.6753670473083198,0.0,0.0,0.0,0.0,0.3653576437587657,0.0,0.0,0.24205378973105135,0.0,0.0,0.5,0.0,0.6666666666666667,0.0,0.0,0.33333333333333337,0.0,0.0,0.0,1.0,0.5,0.6666666666666666,0.5099778270509978,0.0,0.0,0.0,0.2762430939226519,0.14193548387096774,0.0,0.0,0.0,0.0,0.0,0.1818181818181818,1.0,0.0,0.0,0.4987951807228916
0.0,0.0,0.3999999999999999,0.26175687666370895,0.0,1.0,0.0,0.0,1.0,0.0,0.0,0.0,0.0,0.0,0.2857142857142857,0.75,0.33333333333333326,0.9275362318840585,0.9152542372881314,0.0,0.0,0.8181818181818181,0.8,0.0,0.764367816091954,0.0,0.0,1.0,0.0,0.0,0.5,0.4,0.7519872813990461,0.0,0.0,0.3050847457627119,0.8580750407830344,0.0,0.0,0.0,0.0,0.5224403927068724,0.0,0.0,0.3789731051344743,1.0,0.0,0.5,0.0,0.6666666666666667,0.0,0.0,0.6666666666666666,0.0,0.0,0.0,0.9275362318840585,1.0,0.6666666666666666,0.5365853658536586,0.0,0.0,0.0,0.38397790055248615,0.632258064516129,0.0,0.0,0.0,0.0,0.0,0.2727272727272727,0.5,0.0,0.0,0.6144578313253013
0.6666666666666667,0.0,0.4571428571428571,0.20860692102928136,0.0,1.0,0.0,0.0,1.0,0.0,0.15789473684210525,0.0,0.0,0.0,0.7142857142857142,0.5,0.33333333333333326,0.8985507246376798,0.8813559322033839,0.0,0.0,0.8181818181818181,0.8,0.0,0.0,0.0,0.0,1.0,0.0,0.0,1.0,0.4,0.4968203497615263,0.0,0.0,0.1322033898305085,0.3882544861337684,0.0,0.0,0.0,0.0,0.11851332398316966,0.8540372670807452,0.0,0.6992665036674817,1.0,0.0,0.5,1.0,1.0,0.0,0.0,0.6666666666666666,0.0,1.0,0.5,0.8985507246376798,0.0,0.6666666666666666,0.4878048780487805,0.0,0.0,0.0,0.7955801104972375,0.3096774193548387,0.0,0.0,0.0,0.0,0.0,0.36363636363636365,1.0,0.0,0.0,0.6457831325301204
0.6666666666666667,0.0,0.4571428571428571,0.29991126885536823,0.0,0.0,0.0,0.0,1.0,0.0,0.7894736842105263,0.0,0.0,0.0,0.7142857142857142,0.75,0.33333333333333326,0.7826086956521721,0.8813559322033839,0.0,0.0,0.8181818181818181,0.8,0.0,0.0,0.0,0.0,1.0,0.0,0.0,1.0,0.4,0.5524642289348172,0.0,0.0,0.14440677966101695,0.4600326264274062,0.0,0.0,0.0,0.0,0.37237026647966337,0.6894409937888198,0.0,0.7909535452322738,1.0,0.0,0.5,1.0,0.6666666666666667,0.0,0.0,0.6666666666666666,0.0,1.0,0.0,0.7826086956521721,0.5,0.6666666666666666,0.5133037694013304,0.0,0.0,0.0,0.0,0.8387096774193549,0.0,0.0,0.0,0.0,0.0,0.36363636363636365,1.0,0.0,0.0,0.5903614457831325
0.6666666666666667,0.0,0.4999999999999999,0.5161490683229815,0.0,1.0,0.0,0.0,1.0,0.0,0.0,0.0,0.0,0.0,0.7142857142857142,0.75,0.33333333333333326,0.913043478260871,0.8983050847457577,0.0,0.0,0.8181818181818181,0.8,0.0,0.29022988505747127,0.0,0.0,1.0,0.0,0.0,1.0,1.0,0.0,0.0,0.0,0.5423728813559322,0.3719412724306688,0.0,0.0,0.0,0.0,0.10448807854137449,0.6428571428571428,0.0,0.5207823960880196,0.0,0.0,0.5,1.0,0.6666666666666667,0.0,0.0,0.6666666666666666,0.0,0.0,0.0,0.913043478260871,0.5,0.6666666666666666,0.5543237250554324,0.0,0.0,0.0,0.39779005524861877,0.43870967741935485,0.0,0.0,0.0,0.0,0.0,0.7272727272727273,0.25,0.0,0.0,0.46987951807228917
0.6666666666666667,0.0,0.3999999999999999,0.2543034605146407,0.0,0.0,0.0,0.0,1.0,0.0,0.7894736842105263,0.0,0.0,0.0,0.7142857142857142,0.5,0.33333333333333326,0.9275362318840585,0.9152542372881314,0.0,0.0,0.8181818181818181,0.8,0.0,0.0,0.0,0.0,1.0,0.0,0.0,1.0,1.0,0.0,0.0,0.0,0.5138983050847458,0.3376835236541598,0.0,0.0,0.0,0.0,0.07503506311360447,0.6537267080745341,0.0,0.5036674816625917,0.0,0.0,0.5,1.0,0.6666666666666667,0.0,0.0,0.33333333333333337,0.0,0.0,0.0,0.9275362318840585,0.5,0.6666666666666666,0.5764966740576497,0.0,0.0,0.0,0.38121546961325964,0.2903225806451613,0.0,0.0,0.0,0.0,0.0,0.9999999999999999,0.5,0.0,0.0,0.4361445783132531
0.6666666666666667,0.0,0.41428571428571426,0.2873114463176575,0.0,0.0,0.0,0.0,1.0,0.0,0.15789473684210525,0.0,0.0,0.0,0.7142857142857142,0.75,0.33333333333333326,0.8550724637681171,0.8305084745762699,0.0,0.0,0.8181818181818181,0.8,0.0,0.867816091954023,0.0,0.0,1.0,0.0,0.0,1.0,1.0,0.0,0.0,0.0,0.6338983050847458,0.4820554649265905,0.0,0.0,0.0,0.0,0.2201963534361851,0.998447204968944,0.0,0.9015892420537897,0.0,0.0,0.5,1.0,1.0,0.0,0.0,0.6666666666666666,0.0,0.5,0.5,0.8550724637681171,0.0,0.6666666666666666,0.47560975609756095,0.0,0.0,0.0,0.5303867403314917,0.0,0.0,0.0,0.0,0.0,0.0,0.09090909090909091,0.0,0.0,0.0,0.7108433734939759
0.6666666666666667,0.0,0.7857142857142857,0.5558118899733806,0.0,0.0,0.0,0.0,0.25,0.0,0.5263157894736843,0.0,0.0,0.0,0.7142857142857142,1.0,0.9999999999999998,0.8550724637681171,0.9661016949152526,0.0,0.0,0.8181818181818181,0.8,0.0,1.0,0.0,0.0,1.0,0.0,0.0,1.0,0.4,0.41653418124006364,0.0,0.0,0.39864406779661016,0.6264274061990212,0.0,0.0,0.0,0.0,0.33169705469845717,0.858695652173913,0.0,0.8887530562347188,0.0,0.0,0.5,1.0,1.0,0.0,0.0,0.8333333333333334,0.0,0.5,0.0,0.8550724637681171,0.0,1.0,0.7439024390243902,0.0,0.0,0.0,0.3646408839779005,0.36774193548387096,0.0,0.0,0.0,0.0,0.0,0.2727272727272727,1.0,0.0,0.0,1.0
0.0,0.0,0.557142857142857,0.24968944099378887,0.0,1.0,0.0,0.0,0.0,0.0,0.31578947368421056,0.0,0.0,0.0,0.2857142857142857,0.25,0.9999999999999998,0.608695652173914,0.5423728813559308,0.0,0.0,0.2727272727272727,0.20000000000000007,0.0,0.0,1.0,0.0,0.5,1.0,0.0,0.0,0.0,0.43402225755166934,0.0,0.0,0.1559322033898305,0.3523654159869494,0.0,1.0,0.0,0.0,0.08765778401122021,0.0,0.0,0.0,0.0,0.0,0.0,0.0,0.3333333333333333,0.0,1.0,0.16666666666666663,0.0,0.0,0.0,0.608695652173914,1.0,0.3333333333333333,0.2926829268292683,0.0,0.0,0.0,0.46408839779005523,0.0,0.0,0.0,0.0,0.0,0.0,0.4545454545454545,0.25,0.0,0.0,0.20240963855421695
0.0,0.0,0.4571428571428571,0.23291925465838514,0.0,0.0,0.0,0.0,0.0,0.0,0.3684210526315789,0.0,0.0,0.0,0.2857142857142857,0.0,0.0,0.4492753623188399,0.3559322033898269,0.0,0.0,0.2727272727272727,0.10000000000000009,0.0,0.0,1.0,0.0,0.5,1.0,0.0,1.0,0.2,0.4880763116057234,0.0,0.0,0.1383050847457627,0.3866231647634584,0.0,1.0,0.0,0.0,0.11711079943899022,0.0,0.0,0.02567237163814179,0.0,0.0,0.0,0.0,0.6666666666666667,0.0,1.0,0.16666666666666663,0.0,0.0,0.0,0.5797101449275353,1.0,0.0,0.0,0.0,0.0,0.0,0.0,0.0,0.0,0.0,0.0,0.0,0.0,0.4545454545454545,0.0,0.0,0.0,0.026506024096385583
0.6666666666666667,0.0,0.41428571428571426,0.9517302573203195,0.0,0.6666666666666666,0.0,0.0,1.0,0.0,0.0,0.0,0.0,0.0,0.7142857142857142,1.0,0.33333333333333326,0.8405797101449259,0.8305084745762699,0.0,0.0,0.8181818181818181,0.8,0.0,0.0,0.0,0.0,1.0,0.0,0.0,1.0,0.4,0.22337042925278222,0.0,0.0,0.4793220338983051,0.5252854812398042,0.0,0.0,0.0,0.0,0.3639551192145863,0.9642857142857142,0.0,1.0,0.0,0.0,0.5,1.0,1.0,0.0,0.0,0.8333333333333334,0.0,0.5,0.5,0.8405797101449259,0.0,0.6666666666666666,0.7572062084257206,0.0,0.0,0.0,0.574585635359116,0.3225806451612903,0.0,0.0,0.0,0.0,0.0,0.36363636363636365,0.25,0.0,0.0,0.889156626506024
0.16666666666666669,0.0,0.4571428571428571,0.6070984915705413,0.0,0.0,0.0,0.0,1.0,0.0,0.10526315789473684,0.0,0.0,0.0,0.2857142857142857,0.0,0.33333333333333326,0.0,0.0,0.0,0.0,0.8181818181818181,0.8,0.0,0.0,1.0,0.0,0.5,1.0,0.0,1.0,0.2,0.20826709062003182,0.0,0.0,0.37898305084745765,0.3890701468189233,0.0,0.0,0.0,0.0,0.11921458625525944,0.0,0.0,0.027506112469437627,0.0,0.0,0.0,0.0,0.0,0.0,1.0,0.0,0.0,0.0,1.0,0.304347826086957,1.0,0.6666666666666666,0.5975609756097561,0.0,0.0,0.0,0.43646408839779005,0.0,0.0,0.0,0.0,0.0,0.0,0.1818181818181818,0.75,0.0,0.0,0.0
0.6666666666666667,0.0,0.4571428571428571,0.19387755102040816,0.0,0.0,0.0,0.0,1.0,0.0,0.15789473684210525,0.0,0.0,0.0,0.7142857142857142,0.5,0.33333333333333326,0.7681159420289845,0.7457627118644012,0.0,0.0,0.2727272727272727,0.10000000000000009,0.0,0.3218390804597701,1.0,0.0,1.0,0.0,0.0,1.0,0.0,0.411764705882353,0.0,0.0,0.09423728813559322,0.25530179445350737,0.0,0.5,0.0,0.0,0.004207573632538597,0.6242236024844721,0.0,0.4187041564792176,0.0,0.0,0.5,1.0,0.6666666666666667,0.0,0.0,0.33333333333333337,0.0,0.5,0.0,0.7681159420289845,0.0,0.6666666666666666,0.4656319290465632,0.0,0.0,0.0,0.5248618784530387,0.4064516129032258,0.0,0.0,0.0,0.0,0.0,0.36363636363636365,0.0,0.0,0.0,0.4004819277108434
0.6666666666666667,0.0,0.48571428571428565,0.20363797692990238,0.0,0.0,0.0,0.0,1.0,0.0,0.15789473684210525,0.0,0.0,0.0,0.7142857142857142,0.75,0.33333333333333326,0.9275362318840585,0.9322033898305051,0.0,0.0,0.8181818181818181,0.8,0.0,0.0,0.0,0.0,1.0,0.0,0.0,1.0,0.4,0.3378378378378379,0.0,0.0,0.17016949152542377,0.2707993474714519,0.0,0.0,0.0,0.0,0.017531556802243997,0.5559006211180124,0.0,0.3765281173594132,1.0,0.0,0.5,1.0,0.6666666666666667,0.0,0.0,0.33333333333333337,0.0,0.5,0.0,0.9275362318840585,0.0,0.6666666666666666,0.4789356984478936,0.0,0.0,0.0,0.2762430939226519,0.32903225806451614,0.0,0.0,0.0,0.0,0.0,0.5454545454545454,0.75,0.0,0.0,0.5108433734939759
0.0,0.0,0.4714285714285714,0.23744454303460516,0.0,1.0,0.0,0.0,1.0,0.0,0.3684210526315789,0.0,0.0,0.0,0.2857142857142857,0.25,0.6666666666666667,0.2608695652173907,0.7118644067796609,0.0,0.0,0.9090909090909092,0.9000000000000001,0.0,0.0,1.0,0.0,0.5,1.0,0.0,1.0,0.8,0.672496025437202,0.0,0.0,0.1152542372881356,0.5481239804241436,0.0,0.25,0.0,0.0,0.255960729312763,0.0,0.0,0.14669926650366744,1.0,0.0,0.0,0.0,0.6666666666666667,0.0,1.0,0.33333333333333337,0.0,0.0,0.0,0.2608695652173907,0.5,0.3333333333333333,0.34146341463414637,0.0,0.0,0.0,0.0,0.0,0.0,0.0,0.0,0.0,0.0,0.6363636363636364,0.25,0.0,0.0,0.27228915662650605
0.6666666666666667,0.0,0.3142857142857143,0.3142857142857143,0.0,0.0,0.0,0.0,1.0,0.0,0.15789473684210525,0.0,0.0,0.0,0.7142857142857142,0.5,0.33333333333333326,0.8405797101449259,0.8135593220338961,0.0,0.0,0.8181818181818181,0.8,0.0,0.0,1.0,0.0,1.0,0.0,0.0,0.0,0.4,0.65818759936407,0.0,0.0,0.05084745762711865,0.45595432300163136,0.0,0.5,0.0,0.0,0.1767180925666199,0.5395962732919254,0.0,0.502444987775061,1.0,0.0,0.5,1.0,0.6666666666666667,0.0,1.0,0.4999999999999999,0.0,1.0,0.0,0.8405797101449259,0.0,0.6666666666666666,0.5232815964523282,0.0,0.0,0.0,0.2762430939226519,0.24516129032258063,0.0,0.0,0.0,0.0,0.0,0.5454545454545454,0.5,0.0,0.0,0.527710843373494
0.6666666666666667,0.0,0.6857142857142856,0.7711623779946761,0.0,1.0,0.0,0.0,1.0,0.0,0.9473684210526316,0.0,0.0,0.0,0.7142857142857142,1.0,0.33333333333333326,0.8985507246376798,0.8813559322033839,0.0,0.0,0.8181818181818181,0.8,0.0,0.0,0.0,0.0,1.0,0.0,0.0,1.0,1.0,0.0,0.0,0.0,0.6284745762711864,0.47553017944535075,0.0,0.0,0.0,0.0,0.21178120617110802,0.7104037267080745,0.0,0.6674816625916871,0.0,0.0,0.5,1.0,1.0,0.0,0.0,0.8333333333333334,0.0,0.0,0.0,0.8985507246376798,0.0,0.6666666666666666,0.4778270509977827,0.0,0.0,0.0,0.3729281767955801,0.0,0.0,0.0,0.0,0.0,0.0,0.2727272727272727,1.0,0.0,0.0,0.5802409638554218
0.0,0.0,0.4571428571428571,0.3325643300798581,0.0,0.0,0.0,0.0,1.0,0.0,0.15789473684210525,0.0,0.0,0.0,0.2857142857142857,0.5,0.6666666666666667,0.7536231884057969,0.7118644067796609,0.0,0.0,0.2727272727272727,0.10000000000000009,0.0,0.3045977011494253,1.0,0.0,1.0,0.0,0.0,1.0,0.4,0.44515103338632755,0.0,0.0,0.37830508474576274,0.6313213703099512,0.0,0.5,0.0,0.0,0.3338008415147265,0.0,0.0,0.21454767726161367,1.0,0.0,0.5,0.0,0.6666666666666667,0.0,0.0,0.33333333333333337,0.0,0.0,0.0,0.7536231884057969,0.5,0.6666666666666666,0.4434589800443459,0.0,0.0,0.0,0.3314917127071823,0.16774193548387098,0.0,0.0,0.0,0.0,0.0,0.5454545454545454,0.75,0.0,0.0,0.4361445783132531
0.0,0.0,0.5857142857142857,0.20408163265306123,0.0,1.0,0.0,0.0,1.0,0.0,0.3684210526315789,0.0,0.0,0.0,0.2857142857142857,0.25,0.6666666666666667,0.2028985507246368,0.06779661016948779,0.0,0.0,0.2727272727272727,0.10000000000000009,0.0,0.5747126436781609,1.0,0.0,1.0,1.0,0.0,1.0,0.6000000000000001,0.4292527821939587,0.0,0.0,0.4664406779661017,0.7210440456769984,0.0,0.5,0.0,0.0,0.4046283309957925,0.0,0.0,0.27628361858190703,0.0,0.0,0.0,0.0,0.3333333333333333,0.0,1.0,0.4999999999999999,0.0,0.5,0.0,0.2028985507246368,0.0,0.3333333333333333,0.270509977827051,0.0,0.0,0.0,0.0,0.632258064516129,0.0,0.0,0.0,0.0,0.0,0.1818181818181818,1.0,0.0,0.0,0.23855421686746986
0.6666666666666667,0.0,0.4571428571428571,0.2325643300798581,0.0,0.0,0.0,0.0,1.0,0.0,0.15789473684210525,0.0,0.0,0.0,0.7142857142857142,0.5,0.33333333333333326,0.8695652173913047,0.8474576271186436,0.0,0.0,0.8181818181818181,0.8,0.0,0.0,1.0,0.0,1.0,0.0,0.0,1.0,1.0,0.0,0.0,0.0,0.6189830508474576,0.4641109298531811,0.0,0.0,0.0,0.0,0.18373071528751755,0.5520186335403726,0.0,0.5183374083129584,0.0,0.0,0.5,1.0,0.6666666666666667,0.0,1.0,0.4999999999999999,0.0,0.5,0.0,0.8695652173913047,0.5,0.6666666666666666,0.5099778270509978,0.0,0.0,0.0,0.2762430939226519,0.25806451612903225,0.0,0.0,0.0,0.0,0.0,0.0,0.0,0.0,0.0,0.43325301204819283
0.6666666666666667,0.0,0.3999999999999999,0.2395740905057675,0.0,1.0,0.0,0.0,1.0,0.0,0.0,0.0,0.0,0.0,0.7142857142857142,0.75,0.33333333333333326,0.913043478260871,0.9152542372881314,0.0,0.0,0.8181818181818181,0.8,0.0,0.0,0.0,0.0,1.0,0.0,0.0,1.0,1.0,0.0,0.0,0.0,0.5471186440677966,0.37765089722675366,0.0,0.0,0.0,0.0,0.1093969144460028,0.8392857142857142,0.0,0.6797066014669926,0.0,0.0,0.5,1.0,1.0,0.0,0.0,0.6666666666666666,0.0,0.5,0.5,0.913043478260871,0.0,0.6666666666666666,0.4811529933481153,0.0,0.0,0.0,0.2762430939226519,0.3096774193548387,0.0,0.0,0.0,0.0,0.0,0.5454545454545454,0.25,0.0,0.0,0.6602409638554216
0.0,0.0,0.7999999999999999,0.34445430346051464,0.0,0.0,0.0,0.0,0.25,0.0,0.0,0.0,0.0,0.0,0.2857142857142857,0.75,0.33333333333333326,0.8550724637681171,0.8474576271186436,0.0,0.0,0.8181818181818181,0.8,0.0,0.35919540229885055,0.0,0.0,1.0,0.0,0.0,1.0,1.0,0.0,0.0,0.0,0.968135593220339,0.8841761827079935,0.0,0.0,0.0,0.0,0.5525946704067322,0.0,0.0,0.4052567237163814,0.0,0.0,0.5,0.0,0.6666666666666667,0.0,0.0,0.33333333333333337,0.0,0.0,0.0,0.8550724637681171,0.5,0.6666666666666666,0.6396895787139689,0.0,0.0,0.0,0.3314917127071823,0.16129032258064516,0.0,0.0,0.0,0.0,0.0,0.5454545454545454,0.5,0.0,0.0,0.5228915662650604
0.6666666666666667,0.0,0.4571428571428571,0.43158828748890865,0.0,0.0,0.0,0.0,1.0,0.0,0.15789473684210525,0.0,0.0,0.0,0.7142857142857142,0.5,0.33333333333333326,0.7971014492753632,0.7796610169491487,0.0,0.0,0.4545454545454546,0.30000000000000004,0.0,0.0,1.0,0.0,1.0,0.0,0.0,1.0,1.0,0.0,0.0,0.0,0.5193220338983051,0.3442088091353997,0.0,0.5,0.0,0.0,0.08064516129032256,0.5947204968944099,0.0,0.4621026894865526,0.0,0.0,0.5,1.0,0.6666666666666667,0.0,1.0,0.4999999999999999,0.0,0.5,0.5,0.7971014492753632,0.0,0.6666666666666666,0.41352549889135254,0.0,0.0,0.0,0.0,0.25806451612903225,0.0,0.0,0.0,0.0,0.0,0.36363636363636365,0.25,0.0,0.0,0.41204819277108434
0.6666666666666667,0.0,0.9,0.4737355811889974,0.0,0.0,0.0,0.0,0.0,0.0,0.15789473684210525,0.0,0.0,0.0,0.7142857142857142,0.5,0.33333333333333326,0.8260869565217384,0.8135593220338961,0.0,0.0,0.8181818181818181,0.8,0.0,0.0,1.0,0.0,1.0,0.0,0.0,1.0,1.0,0.0,0.0,0.0,0.600677966101695,0.4420880913539968,0.0,0.0,0.0,0.0,0.16479663394109395,0.5263975155279502,0.0,0.48166259168704156,0.0,0.0,0.5,1.0,0.6666666666666667,0.0,1.0,0.4999999999999999,0.0,0.5,0.0,0.8260869565217384,0.0,0.6666666666666666,0.5210643015521065,0.0,0.0,0.0,0.0,0.23225806451612904,0.0,0.0,0.0,0.0,0.0,0.5454545454545454,0.5,0.0,0.0,0.47469879518072294
0.6666666666666667,0.0,0.4571428571428571,0.5070097604259095,0.0,0.0,0.0,0.0,0.0,0.0,0.15789473684210525,0.0,0.0,0.0,0.7142857142857142,0.75,0.33333333333333326,0.8405797101449259,0.8305084745762699,0.0,0.0,0.8181818181818181,0.8,0.0,0.0,0.0,0.0,1.0,0.0,0.0,1.0,1.0,0.0,0.0,0.0,0.6033898305084746,0.4453507340946166,0.0,0.5,0.0,0.0,0.18583450210378677,0.7220496894409938,0.0,0.6540342298288508,0.0,0.0,0.5,1.0,1.0,0.0,0.0,0.9999999999999999,0.0,0.5,0.0,0.8405797101449259,0.0,0.6666666666666666,0.4778270509977827,0.0,0.0,0.0,0.2458563535911602,0.0,0.0,0.0,0.0,0.0,0.0,0.5454545454545454,0.0,0.0,0.0,0.5657831325301206
0.6666666666666667,0.0,0.6142857142857142,0.3597160603371784,0.0,0.0,0.0,0.0,1.0,0.0,0.7894736842105263,0.0,0.0,0.0,0.7142857142857142,1.0,0.33333333333333326,0.7681159420289845,0.7457627118644012,0.0,0.0,0.8181818181818181,0.8,0.0,0.35919540229885055,0.0,0.0,1.0,0.0,0.0,1.0,0.4,0.302066772655008,0.0,0.0,0.24203389830508476,0.32055464926590543,0.0,0.0,0.0,0.0,0.26227208976157085,0.6568322981366459,0.0,0.6693154034229829,0.0,0.0,0.5,1.0,0.6666666666666667,0.0,0.0,0.6666666666666666,0.0,0.5,0.0,0.7681159420289845,0.5,0.6666666666666666,0.5221729490022173,0.0,0.0,0.0,0.5027624309392265,0.5225806451612903,0.0,0.0,0.0,0.0,0.0,0.7272727272727273,0.0,0.0,0.0,0.6385542168674698
0.0,0.0,0.6142857142857142,0.36379769299023956,0.0,1.0,0.0,0.0,0.0,0.0,0.3684210526315789,0.0,0.0,0.0,0.2857142857142857,0.25,0.6666666666666667,0.27536231884057827,0.15254237288135641,0.0,0.0,0.4545454545454546,0.30000000000000004,0.0,0.3793103448275862,1.0,0.0,0.5,1.0,0.0,1.0,0.0,0.787758346581876,0.0,0.0,0.00677966101694915,0.5358890701468189,0.0,0.0,0.0,0.0,0.24544179523141657,0.0,0.0,0.13753056234718825,1.0,0.0,0.0,0.0,0.6666666666666667,0.0,1.0,0.33333333333333337,0.0,0.0,0.0,0.27536231884057827,0.5,0.3333333333333333,0.29933481152993346,0.0,0.0,0.0,0.6187845303867403,0.567741935483871,0.0,0.0,0.0,0.0,0.0,0.5454545454545454,0.75,0.0,0.0,0.20240963855421695
0.6666666666666667,0.0,0.4571428571428571,0.35767524401064776,0.0,0.0,0.0,0.0,0.25,0.0,0.0,0.0,0.0,0.0,0.7142857142857142,0.5,0.33333333333333326,0.8405797101449259,0.8135593220338961,0.0,0.0,0.8181818181818181,0.8,0.0,0.0,1.0,0.0,1.0,0.0,0.0,0.5,0.4,0.5612082670906201,0.0,0.0,0.03254237288135593,0.33442088091354,0.0,0.0,0.0,0.0,0.1339410939691445,0.7096273291925466,0.0,0.5990220048899755,1.0,0.0,0.5,1.0,0.6666666666666667,0.0,1.0,0.4999999999999999,0.0,0.0,0.0,0.8405797101449259,0.5,0.6666666666666666,0.6053215077605322,0.0,0.0,0.0,0.0,0.23225806451612904,0.0,0.0,0.0,0.0,0.0,0.36363636363636365,0.25,0.0,0.0,0.619277108433735
0.6666666666666667,0.0,0.4571428571428571,0.4880212954747116,0.0,1.0,0.0,0.0,0.5,0.0,0.5263157894736843,0.0,0.0,0.0,0.7142857142857142,1.0,0.33333333333333326,0.8695652173913047,0.8474576271186436,0.0,0.0,0.8181818181818181,0.8,0.0,0.20689655172413793,0.0,0.0,1.0,0.0,0.0,1.0,1.0,0.0,0.0,0.0,0.6298305084745763,0.4771615008156607,0.0,0.0,0.0,0.0,0.214586255259467,0.9999999999999999,0.0,0.897921760391198,0.0,0.0,0.5,1.0,1.0,0.0,0.0,0.6666666666666666,0.0,0.5,0.5,0.8695652173913047,0.0,1.0,0.7184035476718403,0.0,0.0,0.0,0.0,0.36129032258064514,0.0,0.0,0.0,0.0,0.0,0.4545454545454545,0.25,0.0,0.0,0.7975903614457831
0.6666666666666667,0.0,0.6857142857142856,0.4547471162377995,0.0,1.0,0.0,0.0,1.0,0.0,0.5789473684210527,0.0,0.0,0.0,0.7142857142857142,0.75,0.33333333333333326,0.913043478260871,0.9152542372881314,0.0,0.0,0.8181818181818181,0.8,0.0,0.8390804597701149,0.0,0.0,1.0,0.0,0.0,1.0,0.4,0.6883942766295708,0.0,0.0,0.062372881355932205,0.500815660685155,0.0,0.0,0.0,0.0,0.22089761570827487,0.8074534161490683,0.0,0.7518337408312958,1.0,0.0,0.5,1.0,0.6666666666666667,0.0,0.0,0.6666666666666666,0.0,0.5,0.5,0.913043478260871,0.5,1.0,0.9656319290465631,0.0,0.0,0.0,0.8839779005524862,0.4,0.0,0.0,0.0,0.0,0.0,0.6363636363636364,0.5,0.0,0.0,0.9710843373493976
0.16666666666666669,0.0,0.37142857142857144,0.7459627329192546,0.0,1.0,0.0,0.0,1.0,0.0,0.10526315789473684,0.0,0.0,0.0,0.2857142857142857,0.25,0.6666666666666667,0.0,0.32203389830507945,0.0,0.0,1.0,1.0,0.0,0.0,1.0,0.0,0.5,1.0,0.0,1.0,0.2,0.2305246422893482,0.0,0.0,0.4515254237288136,0.499184339314845,0.0,0.0,0.0,0.0,0.21388499298737734,0.0,0.0,0.11002444987775056,1.0,0.0,0.0,0.0,0.6666666666666667,0.0,1.0,0.33333333333333337,0.0,0.5,0.0,0.5797101449275353,1.0,0.0,0.0,0.0,0.0,0.0,0.39779005524861877,0.0,0.0,0.0,0.0,0.0,0.0,0.5454545454545454,0.5,0.0,0.0,0.12289156626506031
0.6666666666666667,0.0,0.4571428571428571,0.6961845607808341,0.0,0.0,0.0,0.0,0.25,0.0,0.5263157894736843,0.0,0.0,0.0,0.7142857142857142,0.75,0.33333333333333326,0.7536231884057969,0.8474576271186436,0.0,0.0,0.2727272727272727,0.10000000000000009,0.0,0.0,0.0,0.0,1.0,0.0,0.0,1.0,0.4,0.5786963434022258,0.0,0.0,0.2216949152542373,0.5799347471451877,0.0,0.0,0.0,0.0,0.3330995792426367,0.8765527950310559,0.0,0.9040342298288508,1.0,0.0,0.5,1.0,1.0,0.0,0.0,0.8333333333333334,0.0,0.5,0.0,0.7536231884057969,0.5,0.6666666666666666,0.6541019955654102,0.0,0.0,0.0,0.0,0.25806451612903225,0.0,0.0,0.0,0.0,0.0,0.5454545454545454,0.0,0.0,0.0,0.8939759036144579
0.0,0.0,0.4714285714285714,0.4144631765749779,0.0,0.0,0.0,0.0,1.0,0.0,0.5789473684210527,0.0,0.0,0.0,0.2857142857142857,0.75,0.33333333333333326,0.9275362318840585,0.9152542372881314,0.0,0.0,0.8181818181818181,0.8,0.0,0.48275862068965514,0.0,0.0,1.0,0.0,0.0,1.0,0.4,0.001589825119236884,0.0,0.0,1.0,0.9241435562805873,0.0,0.0,0.0,0.0,0.5918653576437589,0.0,0.0,0.4394865525672372,0.0,0.0,0.5,0.0,0.6666666666666667,0.0,0.0,0.4999999999999999,0.0,0.0,0.0,0.9275362318840585,0.5,0.6666666666666666,0.5898004434589801,0.0,0.0,0.0,0.0,0.0,0.0,0.0,0.0,0.0,0.0,0.1818181818181818,1.0,0.0,0.0,0.6337349397590362
1.0,0.0,0.557142857142857,0.3963620230700976,0.0,0.0,0.0,0.0,1.0,0.0,0.15789473684210525,0.0,0.0,0.0,1.0,0.75,0.33333333333333326,0.8695652173913047,0.8474576271186436,0.0,0.0,0.8181818181818181,0.8,0.0,0.0,1.0,0.0,1.0,0.0,0.0,1.0,1.0,0.0,0.0,0.0,0.23322033898305083,0.0,0.0,0.0,0.0,0.0,0.058204768583450195,0.5093167701863354,0.0,0.3753056234718826,0.0,0.0,0.5,1.0,0.6666666666666667,0.0,1.0,0.6666666666666666,0.0,0.5,0.5,0.8695652173913047,0.5,0.6666666666666666,0.4434589800443459,0.0,0.0,0.0,0.2762430939226519,0.0,0.0,0.0,0.0,0.0,0.0,0.9999999999999999,0.25,0.0,0.0,0.4216867469879519
0.6666666666666667,0.0,0.3857142857142857,0.2502218278615794,0.0,1.0,0.0,0.0,1.0,0.0,0.0,0.0,0.0,0.0,0.7142857142857142,0.75,0.33333333333333326,0.9275362318840585,0.9152542372881314,0.0,0.0,0.8181818181818181,0.8,0.0,0.0,0.0,0.0,1.0,0.0,0.0,1.0,0.4,0.3895071542130366,0.0,0.0,0.16271186440677965,0.3148450244698206,0.0,0.0,0.0,0.0,0.055399719495091204,0.6304347826086956,0.0,0.46821515892420534,0.0,0.0,0.5,1.0,0.6666666666666667,0.0,0.0,0.33333333333333337,0.0,0.0,0.0,0.9275362318840585,0.5,0.6666666666666666,0.5764966740576497,0.0,0.0,0.0,0.0,0.2903225806451613,0.0,0.0,0.0,0.0,0.0,0.7272727272727273,0.5,0.0,0.0,0.49831325301204826
0.0,0.0,0.7285714285714285,0.6480035492457854,0.0,0.0,0.0,0.0,1.0,0.0,0.0,0.0,0.0,0.0,0.2857142857142857,0.75,0.33333333333333326,0.8985507246376798,0.8813559322033839,0.0,0.0,0.8181818181818181,0.8,0.0,0.28448275862068967,0.0,0.0,1.0,0.0,0.0,0.5,0.4,0.7329093799682035,0.0,0.0,0.36067796610169495,0.905383360522023,0.0,0.0,0.0,0.0,0.5631136044880787,0.0,0.0,0.4144254278728606,1.0,0.0,0.5,0.0,0.6666666666666667,0.0,0.0,0.33333333333333337,0.0,0.5,0.0,0.8985507246376798,0.5,0.6666666666666666,0.5875831485587583,0.0,0.0,0.0,0.5303867403314917,0.23225806451612904,0.0,0.0,0.0,0.0,0.0,0.7272727272727273,0.5,0.0,0.0,0.6674698795180722
0.6666666666666667,0.0,0.4571428571428571,0.20949423247559895,0.0,0.0,0.0,0.0,1.0,0.0,0.15789473684210525,0.0,0.0,0.0,0.7142857142857142,0.5,0.33333333333333326,0.8985507246376798,0.8983050847457577,0.0,0.0,0.8181818181818181,0.8,0.0,0.0,0.0,0.0,1.0,0.0,0.0,1.0,0.4,0.363275039745628,0.0,0.0,0.19389830508474576,0.3254486133768352,0.0,0.0,0.0,0.0,0.08134642356241234,0.5450310559006211,0.0,0.4235941320293399,1.0,0.0,0.5,1.0,0.6666666666666667,0.0,0.0,0.4999999999999999,0.0,0.5,0.0,0.8985507246376798,0.0,0.6666666666666666,0.4356984478935698,0.0,0.0,0.0,0.2762430939226519,0.4838709677419355,0.0,0.0,0.0,0.0,0.0,0.4545454545454545,0.0,0.0,0.0,0.48530120481927713
0.0,0.0,0.48571428571428565,0.13877551020408163,0.0,1.0,0.0,0.0,1.0,0.0,0.736842105263158,0.0,0.0,0.0,0.2857142857142857,0.25,0.6666666666666667,0.5362318840579725,0.45762711864406214,0.0,0.0,0.5454545454545455,0.5,0.0,0.4396551724137931,1.0,0.0,0.5,1.0,0.0,1.0,0.2,0.44515103338632755,0.0,0.0,0.2576271186440678,0.4861337683523654,0.0,1.0,0.0,0.0,0.20266479663394116,0.0,0.0,0.10024449877750613,0.0,0.0,0.0,0.0,0.6666666666666667,0.0,1.0,0.33333333333333337,0.0,0.0,1.0,0.6666666666666679,1.0,0.6666666666666666,0.5365853658536586,0.0,0.0,0.0,0.5303867403314917,0.0,0.0,0.0,0.0,0.0,0.0,0.5454545454545454,0.75,0.0,0.0,0.25301204819277107
0.6666666666666667,0.0,0.4714285714285714,0.2883762200532387,0.0,1.0,0.0,0.0,1.0,0.0,0.0,0.0,0.0,0.0,0.7142857142857142,0.75,0.33333333333333326,0.8115942028985508,0.7796610169491487,0.0,0.0,0.8181818181818181,0.8,0.0,0.0,0.0,0.0,1.0,0.0,0.0,1.0,1.0,0.0,0.0,0.0,0.5694915254237288,0.40456769983686786,0.0,0.0,0.0,0.0,0.152875175315568,0.6265527950310559,0.0,0.550122249388753,0.0,0.0,0.5,1.0,0.3333333333333333,0.0,0.0,0.4999999999999999,0.0,0.5,0.0,0.8115942028985508,0.5,0.6666666666666666,0.5676274944567627,0.0,0.0,0.0,0.0,0.7741935483870968,0.0,0.0,0.0,0.0,0.0,0.5454545454545454,0.75,0.0,0.0,0.5228915662650604
0.0,0.0,0.4999999999999999,0.3999112688553683,0.0,0.0,0.0,0.0,1.0,0.0,0.3684210526315789,0.0,0.0,0.0,0.2857142857142857,0.25,0.9999999999999998,0.27536231884057827,0.9491525423728788,0.0,0.0,0.2727272727272727,0.10000000000000009,0.0,0.15517241379310345,0.0,0.0,0.5,1.0,0.0,1.0,0.0,0.6406995230524642,0.0,0.0,0.14033898305084747,0.5456769983686787,0.0,0.0,0.0,0.0,0.25385694249649365,0.0,0.0,0.1448655256723716,1.0,0.0,0.0,1.0,0.6666666666666667,0.0,0.0,0.16666666666666663,0.0,0.0,0.0,0.27536231884057827,0.5,0.3333333333333333,0.3458980044345898,0.0,0.0,0.0,0.0,0.0,0.0,0.0,0.0,0.0,0.0,0.6363636363636364,0.5,0.0,0.0,0.3036144578313253
0.6666666666666667,0.0,0.9857142857142857,0.5052351375332742,0.0,0.0,0.0,0.0,0.0,0.0,0.15789473684210525,0.0,0.0,0.0,0.7142857142857142,1.0,0.33333333333333326,0.8695652173913047,0.8474576271186436,0.0,0.0,0.8181818181818181,0.8,0.0,0.11494252873563218,0.0,0.0,1.0,0.0,0.0,1.0,1.0,0.0,0.0,0.0,0.9261016949152543,0.833605220228385,0.0,0.0,0.0,0.0,0.5350631136044881,0.374223602484472,0.0,0.6845965770171147,0.0,0.0,0.5,1.0,0.6666666666666667,0.0,0.0,0.4999999999999999,0.0,0.5,0.0,0.8695652173913047,0.5,0.6666666666666666,0.5587583148558758,0.0,0.0,0.0,0.5193370165745856,0.8,0.0,0.0,0.0,0.0,0.0,0.9090909090909091,0.0,0.0,0.0,0.7132530120481928
0.0,0.0,0.3999999999999999,0.23291925465838514,0.0,1.0,0.0,0.0,1.0,0.0,0.7894736842105263,0.0,0.0,0.0,0.2857142857142857,0.5,0.33333333333333326,0.7826086956521721,0.8135593220338961,0.0,0.0,0.2727272727272727,0.10000000000000009,0.0,0.7413793103448276,1.0,0.0,1.0,0.0,0.0,1.0,0.4,0.904610492845787,0.0,0.0,0.1559322033898305,0.8352365415986951,0.0,0.0,0.0,0.0,0.6928471248246846,0.0,0.0,0.5275061124694376,1.0,0.0,0.5,0.0,0.6666666666666667,0.0,0.0,0.4999999999999999,0.0,0.5,0.0,0.7826086956521721,0.5,0.6666666666666666,0.6374722838137472,0.0,0.0,0.0,0.6187845303867403,0.2709677419354839,0.0,0.0,0.0,0.0,0.0,0.8181818181818182,0.5,0.0,0.0,0.5349397590361447
0.6666666666666667,0.0,0.3857142857142857,0.2779946761313221,0.0,1.0,0.0,0.0,0.5,0.0,0.0,0.0,0.0,0.0,0.7142857142857142,0.5,0.33333333333333326,0.9420289855072461,0.9322033898305051,0.0,0.0,0.8181818181818181,0.8,0.0,0.0,0.0,0.0,1.0,0.0,0.0,1.0,0.4,0.15341812400635932,0.0,0.0,0.3423728813559322,0.28874388254486133,0.0,0.0,0.0,0.0,0.032959326788218835,0.5729813664596273,0.0,0.40342298288508555,1.0,0.0,0.5,1.0,0.6666666666666667,0.0,0.0,0.4999999999999999,0.0,0.0,0.0,0.9420289855072461,0.0,0.6666666666666666,0.5986696230598669,0.0,0.0,0.0,0.2762430939226519,0.22580645161290322,0.0,0.0,0.0,0.0,0.0,0.09090909090909091,0.75,0.0,0.0,0.4385542168674699
0.0,0.0,0.4571428571428571,0.5102040816326531,0.0,0.0,0.0,0.0,1.0,0.0,1.0,0.0,0.0,0.0,0.2857142857142857,0.5,0.6666666666666667,0.5362318840579725,0.45762711864406214,0.0,0.0,0.5454545454545455,0.5,0.0,0.0,0.0,0.0,0.5,0.0,0.0,1.0,0.0,0.609697933227345,0.0,0.0,0.271864406779661,0.6721044045676998,0.0,1.0,0.0,0.0,0.36255259467040674,0.0,0.0,0.23960880195599016,1.0,0.0,0.0,1.0,0.6666666666666667,0.0,1.0,0.33333333333333337,0.0,0.5,0.0,0.5362318840579725,0.5,0.6666666666666666,0.6053215077605322,0.0,0.0,0.0,0.5469613259668508,0.2709677419354839,0.0,0.0,0.0,0.0,0.0,0.4545454545454545,0.0,0.0,0.0,0.39759036144578314
0.6666666666666667,0.0,0.29999999999999993,1.0,0.0,0.3333333333333333,0.0,0.0,0.25,0.0,0.5263157894736843,0.0,0.0,0.0,0.7142857142857142,0.75,0.33333333333333326,0.8405797101449259,0.8135593220338961,0.0,0.0,0.8181818181818181,0.8,0.0,0.08620689655172414,0.0,0.0,1.0,0.0,0.0,1.0,1.0,0.0,0.0,0.0,0.7830508474576272,0.6615008156606852,0.0,0.5,0.0,0.0,0.3534361851332399,0.49999999999999994,0.0,0.6253056234718826,0.0,0.0,0.5,1.0,1.0,0.0,1.0,0.4999999999999999,0.0,0.0,0.0,0.8405797101449259,0.0,0.6666666666666666,0.5388026607538803,0.0,0.0,0.0,0.0,0.5225806451612903,0.0,0.0,0.0,0.0,0.0,0.4545454545454545,1.0,0.0,0.0,0.6674698795180722
0.0,0.0,0.4571428571428571,0.3921916592724046,0.0,0.0,0.0,0.0,1.0,0.0,0.0,0.0,0.0,0.0,0.2857142857142857,0.25,0.6666666666666667,0.42028985507246475,0.32203389830507945,0.0,0.0,0.2727272727272727,0.5,0.0,0.0,1.0,0.0,0.5,0.0,0.0,0.0,0.0,0.4157392686804452,0.0,0.0,0.27661016949152545,0.4787928221859707,0.0,1.0,0.0,0.0,0.1963534361851333,0.0,0.0,0.0947432762836185,0.0,0.0,0.0,1.0,0.6666666666666667,0.0,1.0,0.16666666666666663,0.0,0.5,0.0,0.42028985507246475,1.0,0.3333333333333333,0.3325942350332594,0.0,0.0,0.0,0.0,0.0,0.0,0.0,0.0,0.0,0.0,0.36363636363636365,0.0,0.0,0.0,0.22168674698795182
0.6666666666666667,0.0,0.3999999999999999,0.33833185448092284,0.0,0.0,0.0,0.0,1.0,0.0,0.0,0.0,0.0,0.0,0.7142857142857142,0.75,0.33333333333333326,0.9275362318840585,0.9152542372881314,0.0,0.0,0.8181818181818181,0.8,0.0,0.0,0.0,0.0,1.0,0.0,0.0,1.0,1.0,0.0,0.0,0.0,0.5586440677966102,0.3915171288743882,0.0,0.0,0.0,0.0,0.12131837307152876,0.670807453416149,0.0,0.5574572127139363,0.0,0.0,0.5,1.0,0.6666666666666667,0.0,0.0,0.4999999999999999,0.0,0.0,0.0,0.9275362318840585,0.5,0.6666666666666666,0.6341463414634146,0.0,0.0,0.0,0.5165745856353591,0.36129032258064514,0.0,0.0,0.0,0.0,0.0,0.2727272727272727,0.75,0.0,0.0,0.5180722891566265
0.0,0.0,0.3999999999999999,0.26175687666370895,0.0,1.0,0.0,0.0,1.0,0.0,0.7894736842105263,0.0,0.0,0.0,0.2857142857142857,0.75,0.33333333333333326,0.8695652173913047,0.8644067796610173,0.0,0.0,0.8181818181818181,0.8,0.0,0.3103448275862069,1.0,0.0,1.0,0.0,0.0,1.0,1.0,0.0,0.0,0.0,0.8874576271186441,0.7871125611745515,0.0,0.0,0.0,0.0,0.4614305750350631,0.0,0.0,0.3257946210268949,0.0,0.0,0.5,0.0,0.6666666666666667,0.0,1.0,0.33333333333333337,0.0,0.0,0.0,0.8695652173913047,1.0,0.6666666666666666,0.5975609756097561,0.0,0.0,0.0,0.3314917127071823,0.3548387096774194,0.0,0.0,0.0,0.0,0.0,0.9999999999999999,0.25,0.0,0.0,0.4650602409638555
0.6666666666666667,0.0,0.4571428571428571,0.29236912156166817,0.0,0.0,0.0,0.0,1.0,0.0,0.15789473684210525,0.0,0.0,0.0,0.7142857142857142,0.75,0.33333333333333326,0.8695652173913047,0.8474576271186436,0.0,0.0,0.8181818181818181,0.8,0.0,0.0,0.0,0.0,1.0,0.0,0.0,1.0,0.4,0.2384737678855326,0.0,0.0,0.41491525423728814,0.46329526916802616,0.0,0.0,0.0,0.0,0.20266479663394116,0.9906832298136645,0.0,0.8801955990220047,0.0,0.0,0.5,1.0,1.0,0.0,0.0,0.6666666666666666,0.0,0.5,0.5,0.8695652173913047,0.0,0.6666666666666666,0.614190687361419,0.0,0.0,0.0,0.6187845303867403,0.34838709677419355,0.0,0.0,0.0,0.0,0.0,0.2727272727272727,0.75,0.0,0.0,0.7397590361445783
0.0,0.0,0.4285714285714285,0.9569653948535937,0.0,0.3333333333333333,0.0,0.0,1.0,0.0,0.0,0.0,0.0,0.0,0.2857142857142857,0.75,0.33333333333333326,0.8840579710144922,0.8813559322033839,0.0,0.0,0.8181818181818181,0.8,0.0,0.0,0.0,0.0,1.0,0.0,0.0,1.0,1.0,0.0,0.0,0.0,0.9308474576271187,0.8393148450244698,0.0,0.0,0.0,0.0,0.5182328190743339,0.0,0.0,0.3753056234718826,0.0,0.0,0.5,0.0,0.6666666666666667,0.0,0.0,0.33333333333333337,0.0,0.0,0.0,0.8840579710144922,0.5,0.6666666666666666,0.6707317073170732,0.0,0.0,0.0,0.0,0.2129032258064516,0.0,0.0,0.0,0.0,0.0,0.4545454545454545,0.75,0.0,0.0,0.5040963855421687
0.6666666666666667,0.0,0.557142857142857,0.4118899733806567,0.0,0.0,0.0,0.0,1.0,0.0,0.7894736842105263,0.0,0.0,0.0,0.7142857142857142,0.75,0.33333333333333326,0.9275362318840585,0.9152542372881314,0.0,0.0,0.8181818181818181,0.8,0.0,0.0,0.0,0.0,1.0,0.0,0.0,1.0,0.4,0.5214626391096979,0.0,0.0,0.17627118644067796,0.466557911908646,0.0,0.0,0.0,0.0,0.18583450210378677,0.8757763975155279,0.0,0.7750611246943764,1.0,0.0,0.5,1.0,1.0,0.0,0.0,0.6666666666666666,0.0,0.0,0.5,0.9275362318840585,0.5,0.6666666666666666,0.6851441241685144,0.0,0.0,0.0,0.0,0.2903225806451613,0.0,0.0,0.0,0.0,0.0,0.0,1.0,0.0,0.0,0.7253012048192771
0.0,0.0,0.48571428571428565,0.23930789707187228,0.0,1.0,0.0,0.0,1.0,0.0,0.736842105263158,0.0,0.0,0.0,0.2857142857142857,0.5,0.33333333333333326,0.5362318840579725,0.45762711864406214,0.0,0.0,0.5454545454545455,0.5,0.0,0.42528735632183906,1.0,0.0,0.5,1.0,0.0,1.0,1.0,0.0,0.0,0.0,0.4203389830508475,0.22512234910277323,0.0,0.0,0.0,0.0,0.41654978962131833,0.0,0.0,0.2866748166259168,0.0,0.0,0.0,1.0,0.6666666666666667,0.0,1.0,0.4999999999999999,0.0,0.5,0.0,0.5362318840579725,0.5,0.6666666666666666,0.5853658536585366,0.0,0.0,0.0,0.38121546961325964,0.0,0.0,0.0,0.0,0.0,0.0,0.2727272727272727,0.25,0.0,0.0,0.29397590361445786
0.6666666666666667,0.0,0.4999999999999999,0.15314995563442768,0.0,0.0,0.0,0.0,0.25,0.0,0.0,0.0,0.0,0.0,0.7142857142857142,0.75,0.33333333333333326,0.913043478260871,0.8983050847457577,0.0,0.0,0.8181818181818181,0.8,0.0,0.0,0.0,0.0,1.0,0.0,0.0,1.0,1.0,0.0,0.0,0.0,0.5138983050847458,0.3376835236541598,0.0,0.0,0.0,0.0,0.07503506311360447,0.6537267080745341,0.0,0.5036674816625917,0.0,0.0,0.5,1.0,0.6666666666666667,0.0,0.0,0.33333333333333337,0.0,0.0,0.0,0.913043478260871,0.5,0.6666666666666666,0.6596452328159645,0.0,0.0,0.0,0.0,0.2903225806451613,0.0,0.0,0.0,0.0,0.0,0.4545454545454545,0.5,0.0,0.0,0.4843373493975904
0.5,0.0,0.3285714285714285,0.3904170363797693,0.0,1.0,0.0,0.0,1.0,0.0,0.6842105263157894,0.0,0.0,0.0,0.0,0.5,0.9999999999999998,0.0,0.0,0.0,0.0,0.8181818181818181,0.8,0.0,0.0,1.0,0.0,0.0,1.0,0.0,1.0,1.0,0.0,0.0,0.0,0.5003389830508475,0.32137030995106036,0.0,1.0,0.0,0.0,0.1774193548387097,0.42313664596273287,0.0,0.41136919315403425,0.0,0.0,0.5,0.0,0.6666666666666667,0.0,1.0,0.4999999999999999,0.0,0.5,1.0,0.0,1.0,0.3333333333333333,0.2660753880266075,0.0,0.0,0.0,0.9254143646408839,0.0,0.0,0.0,0.0,0.0,0.0,0.5454545454545454,0.75,0.0,0.0,0.2746987951807229
0.0,0.0,0.3999999999999999,0.26876663708961845,0.0,0.0,0.0,0.0,1.0,0.0,0.7894736842105263,0.0,0.0,0.0,0.2857142857142857,0.75,0.33333333333333326,0.8840579710144922,0.8644067796610173,0.0,0.0,0.8181818181818181,0.8,0.0,0.0,0.0,0.0,1.0,0.0,0.0,1.0,0.4,0.015898251192368842,0.0,0.0,0.945084745762712,0.8727569331158238,0.0,0.0,0.0,0.0,0.5210378681626928,0.0,0.0,0.3777506112469437,0.0,0.0,0.5,0.0,0.6666666666666667,0.0,0.0,0.33333333333333337,0.0,0.5,0.0,0.8840579710144922,0.5,0.6666666666666666,0.5842572062084257,0.0,0.0,0.0,0.8011049723756906,0.25161290322580643,0.0,0.0,0.0,0.0,0.0,0.2727272727272727,0.75,0.0,0.0,0.5132530120481928
0.6666666666666667,0.0,0.09999999999999998,0.35918367346938773,0.0,0.0,0.0,0.0,0.25,0.0,0.0,0.0,0.0,0.0,0.7142857142857142,0.75,0.6666666666666667,0.913043478260871,0.8983050847457577,0.0,0.0,0.8181818181818181,0.8,0.0,0.6408045977011494,0.0,0.0,1.0,0.0,0.0,1.0,0.4,0.3839427662957075,0.0,0.0,0.2833898305084746,0.4543230016313214,0.0,0.0,0.0,0.0,0.17531556802244036,0.6894409937888198,0.0,0.6191931540342297,1.0,0.0,0.5,1.0,0.6666666666666667,0.0,0.0,0.4999999999999999,0.0,0.5,0.0,0.913043478260871,0.5,0.6666666666666666,0.6796008869179601,0.0,0.0,0.0,0.5303867403314917,0.25161290322580643,0.0,0.0,0.0,0.0,0.0,0.0,1.0,0.0,0.0,0.7445783132530122
0.0,0.0,0.5428571428571428,0.2107364685004437,0.0,1.0,0.0,0.0,1.0,0.0,0.3684210526315789,0.0,0.0,0.0,0.2857142857142857,0.25,0.6666666666666667,0.304347826086957,0.18644067796609676,0.0,0.0,0.8181818181818181,0.8,0.0,0.3908045977011494,1.0,0.0,0.5,1.0,0.0,1.0,0.8,0.4546899841017488,0.0,0.0,0.36067796610169495,0.6199021207177815,0.0,0.5,0.0,0.0,0.317671809256662,0.0,0.0,0.2004889975550122,1.0,0.0,0.0,0.0,0.6666666666666667,0.0,1.0,0.33333333333333337,0.0,0.0,0.0,0.304347826086957,1.0,0.6666666666666666,0.5055432372505543,0.0,0.0,0.0,0.0,0.0,0.0,0.0,0.0,0.0,0.0,0.7272727272727273,0.5,0.0,0.0,0.2768674698795181
0.0,0.0,0.5428571428571428,0.3571428571428572,0.0,1.0,0.0,0.0,1.0,0.0,0.0,0.0,0.0,0.0,0.2857142857142857,0.25,0.6666666666666667,0.7971014492753632,0.9491525423728788,0.0,0.0,0.8181818181818181,0.8,0.0,0.0,1.0,0.0,1.0,0.0,0.0,1.0,1.0,0.0,0.0,0.0,0.7179661016949153,0.5831973898858076,0.0,0.0,0.0,0.0,0.28611500701262277,0.0,0.0,0.17298288508557452,0.0,0.0,0.0,1.0,0.6666666666666667,0.0,0.0,0.33333333333333337,0.0,0.0,0.0,0.8550724637681171,1.0,0.3333333333333333,0.3902439024390244,0.0,0.0,0.0,0.7679558011049723,0.0,0.0,0.0,0.0,0.0,0.0,0.4545454545454545,0.5,0.0,0.0,0.2963855421686747
0.5,0.0,0.4714285714285714,0.556078083407276,0.0,1.0,0.0,0.0,1.0,0.0,0.10526315789473684,0.0,0.0,0.0,0.0,0.25,0.6666666666666667,0.08695652173912904,0.762711864406775,0.0,0.0,0.4545454545454546,0.30000000000000004,0.0,0.0,1.0,0.0,0.5,1.0,0.0,1.0,0.2,0.2798092209856916,0.0,0.0,0.2549152542372881,0.31321370309951063,0.0,0.0,0.0,0.0,0.05399719495091165,0.3354037267080745,0.0,0.234718826405868,0.0,0.0,0.0,0.0,0.6666666666666667,0.0,1.0,0.33333333333333337,0.0,0.0,1.0,0.08695652173912904,1.0,0.3333333333333333,0.2660753880266075,0.0,0.0,0.0,0.0,0.0,0.0,0.0,0.0,0.0,0.0,0.36363636363636365,0.5,0.0,0.0,0.23132530120481926
0.6666666666666667,0.0,0.3999999999999999,0.23291925465838514,0.0,1.0,0.0,0.0,1.0,0.0,0.15789473684210525,0.0,0.0,0.0,0.7142857142857142,0.5,0.33333333333333326,0.7826086956521721,0.762711864406775,0.0,0.0,0.2727272727272727,0.10000000000000009,0.0,0.0,1.0,0.0,1.0,0.0,0.0,1.0,1.0,0.0,0.0,0.0,0.44881355932203393,0.25938009787928223,0.0,0.5,0.0,0.0,0.007713884992987363,0.6048136645962733,0.0,0.406479217603912,0.0,0.0,0.5,1.0,0.6666666666666667,0.0,1.0,0.33333333333333337,0.0,0.5,0.0,0.7826086956521721,0.0,0.6666666666666666,0.3802660753880266,0.0,0.0,0.0,0.0,0.23225806451612904,0.0,0.0,0.0,0.0,0.0,0.1818181818181818,0.75,0.0,0.0,0.44096385542168676
0.0,0.0,0.4571428571428571,0.2883762200532387,0.0,0.0,0.0,0.0,1.0,0.0,0.3684210526315789,0.0,0.0,0.0,0.2857142857142857,0.25,0.6666666666666667,0.43478260869565233,0.33898305084745317,0.0,0.0,0.4545454545454546,0.30000000000000004,0.0,0.21839080459770116,1.0,0.0,0.5,1.0,0.0,1.0,0.2,0.65818759936407,0.0,0.0,0.09084745762711866,0.504078303425775,0.0,1.0,0.0,0.0,0.21809256661991588,0.0,0.0,0.11369193154034224,1.0,0.0,0.0,0.0,0.6666666666666667,0.0,1.0,0.16666666666666663,0.0,0.0,1.0,0.4782608695652186,1.0,0.6666666666666666,1.0,0.0,0.0,0.0,0.0,0.0,0.0,0.0,0.0,0.0,0.0,0.6363636363636364,0.75,0.0,0.0,0.3180722891566265
0.6666666666666667,0.0,0.6142857142857142,0.3937888198757764,0.0,1.0,0.0,0.0,1.0,0.0,0.7894736842105263,0.0,0.0,0.0,0.7142857142857142,0.75,0.33333333333333326,0.7681159420289845,0.7457627118644012,0.0,0.0,0.4545454545454546,0.30000000000000004,0.0,0.7068965517241379,0.0,0.0,1.0,0.0,0.0,1.0,0.4,0.5961844197138315,0.0,0.0,0.17627118644067796,0.5432300163132138,0.0,0.0,0.0,0.0,0.2601683029453015,0.6886645962732919,0.0,0.6925427872860634,1.0,0.0,0.5,1.0,0.6666666666666667,0.0,0.0,0.6666666666666666,0.0,0.5,0.0,0.7681159420289845,0.0,0.6666666666666666,0.6363636363636364,0.0,0.0,0.0,0.430939226519337,0.5806451612903226,0.0,0.0,0.0,0.0,0.0,0.4545454545454545,1.0,0.0,0.0,0.7397590361445783
0.6666666666666667,0.0,0.4714285714285714,0.2883762200532387,0.0,1.0,0.0,0.0,1.0,0.0,0.0,0.0,0.0,0.0,0.7142857142857142,0.5,0.33333333333333326,0.8405797101449259,0.8135593220338961,0.0,0.0,0.8181818181818181,0.8,0.0,0.3333333333333333,1.0,0.0,1.0,0.0,0.0,1.0,0.4,0.4014308426073132,0.0,0.0,0.17559322033898306,0.3425774877650897,0.0,0.0,0.0,0.0,0.07924263674614312,0.6816770186335404,0.0,0.5293398533007334,0.0,0.0,0.5,1.0,0.6666666666666667,0.0,0.0,0.4999999999999999,0.0,0.0,0.0,0.8405797101449259,0.5,0.6666666666666666,0.5798226164079823,0.0,0.0,0.0,0.0,0.4967741935483871,0.0,0.0,0.0,0.0,0.0,0.4545454545454545,1.0,0.0,0.0,0.5686746987951807
0.6666666666666667,0.0,0.4571428571428571,0.36699201419698313,0.0,0.0,0.0,0.0,0.0,0.0,0.15789473684210525,0.0,0.0,0.0,0.7142857142857142,0.5,0.33333333333333326,0.7536231884057969,0.7288135593220346,0.0,0.0,0.8181818181818181,0.8,0.0,0.0,1.0,0.0,1.0,0.0,0.0,1.0,1.0,0.0,0.0,0.0,0.5206779661016949,0.34584013050570966,0.0,0.5,0.0,0.0,0.08204768583450212,0.6094720496894409,0.0,0.47493887530562345,0.0,0.0,0.5,1.0,0.6666666666666667,0.0,1.0,0.4999999999999999,0.0,0.5,0.5,0.7681159420289845,0.5,0.6666666666666666,0.4312638580931264,0.0,0.0,0.0,0.9447513812154695,0.25806451612903225,0.0,0.0,0.0,0.0,0.0,0.9999999999999999,0.75,0.0,0.0,0.46024096385542174
0.0,0.0,0.3999999999999999,0.1464063886424135,0.0,1.0,0.0,0.0,1.0,0.0,0.3684210526315789,0.0,0.0,0.0,0.2857142857142857,0.25,0.33333333333333326,0.39130434782608603,0.2881355932203391,0.0,0.0,0.2727272727272727,0.10000000000000009,0.0,0.1724137931034483,1.0,0.0,0.5,1.0,0.0,1.0,0.2,0.34340222575516693,0.0,0.0,0.2847457627118644,0.41435562805872755,0.0,1.0,0.0,0.0,0.14095371669004203,0.0,0.0,0.04645476772616136,0.0,0.0,0.0,0.0,0.6666666666666667,0.0,1.0,0.16666666666666663,0.0,0.0,0.0,0.39130434782608603,0.5,0.3333333333333333,0.31929046563192903,0.0,0.0,0.0,0.0,0.0,0.0,0.0,0.0,0.0,0.0,0.5454545454545454,0.75,0.0,0.0,0.08433734939759041
0.0,0.0,0.4571428571428571,0.16326530612244905,0.0,0.0,0.0,0.0,1.0,0.0,0.3684210526315789,0.0,0.0,0.0,0.2857142857142857,0.0,0.6666666666666667,0.4492753623188399,0.3559322033898269,0.0,0.0,0.2727272727272727,0.10000000000000009,0.0,0.0,1.0,0.0,0.5,1.0,0.0,1.0,0.0,0.25596184419713836,0.0,0.0,0.336271186440678,0.3866231647634584,0.0,1.0,0.0,0.0,0.11711079943899022,0.0,0.0,0.02567237163814179,0.0,0.0,0.0,0.0,0.3333333333333333,0.0,1.0,0.0,0.0,0.0,1.0,0.5652173913043477,1.0,0.3333333333333333,0.7583148558758315,0.0,0.0,0.0,0.0,0.0,0.0,0.0,0.0,0.0,0.0,0.4545454545454545,0.25,0.0,0.0,0.13253012048192775
0.6666666666666667,0.0,0.37142857142857144,0.2107364685004437,0.0,1.0,0.0,0.0,1.0,0.0,0.15789473684210525,0.0,0.0,0.0,0.7142857142857142,0.75,0.33333333333333326,0.913043478260871,0.8983050847457577,0.0,0.0,0.8181818181818181,0.8,0.0,0.0,0.0,0.0,1.0,0.0,0.0,1.0,1.0,0.0,0.0,0.0,0.5037288135593221,0.3254486133768352,0.0,0.0,0.0,0.0,0.08134642356241234,0.5450310559006211,0.0,0.4235941320293399,0.0,0.0,0.5,1.0,0.6666666666666667,0.0,0.0,0.6666666666666666,0.0,0.5,0.0,0.913043478260871,0.0,0.6666666666666666,0.4356984478935698,0.0,0.0,0.0,0.0,0.4838709677419355,0.0,0.0,0.0,0.0,0.0,0.5454545454545454,0.0,0.0,0.0,0.46987951807228917
0.0,0.0,0.4571428571428571,0.059716060337178356,0.0,0.0,0.0,0.0,1.0,0.0,0.736842105263158,0.0,0.0,0.0,0.2857142857142857,0.25,0.6666666666666667,0.39130434782608603,0.2881355932203391,0.0,0.0,0.2727272727272727,0.9000000000000001,0.0,0.21551724137931033,1.0,0.0,0.5,1.0,0.0,1.0,0.4,0.47615262321144675,0.0,0.0,0.16067796610169494,0.4013050570962479,0.0,1.0,0.0,0.0,0.14796633941093967,0.0,0.0,0.05256723716381412,0.0,0.0,0.0,0.0,0.6666666666666667,0.0,1.0,0.33333333333333337,0.0,0.0,0.0,0.39130434782608603,1.0,0.3333333333333333,0.31929046563192903,0.0,0.0,0.0,0.0,0.0,0.0,0.0,0.0,0.0,0.0,0.6363636363636364,0.25,0.0,0.0,0.20722891566265061
0.6666666666666667,0.0,0.4571428571428571,0.6660159716060337,0.0,0.0,0.0,0.0,0.0,0.0,0.15789473684210525,0.0,0.0,0.0,0.7142857142857142,0.75,0.33333333333333326,0.8260869565217384,0.7966101694915224,0.0,0.0,0.2727272727272727,0.10000000000000009,0.0,0.8189655172413793,1.0,0.0,1.0,0.0,0.0,1.0,1.0,0.0,0.0,0.0,0.6264406779661017,0.47308319738988586,0.0,0.5,0.0,0.0,0.21178120617110802,0.9650621118012421,0.0,0.8679706601466992,0.0,0.0,0.5,1.0,1.0,0.0,0.0,0.6666666666666666,0.0,0.5,0.5,0.8260869565217384,0.0,0.6666666666666666,0.7117516629711752,0.0,0.0,0.0,0.0,0.0,0.0,0.0,0.0,0.0,0.0,0.9090909090909091,0.0,0.0,0.0,0.6722891566265061
0.0,0.0,0.4285714285714285,0.4066548358473825,0.0,1.0,0.0,0.0,1.0,0.0,0.7894736842105263,0.0,0.0,0.0,0.2857142857142857,0.75,0.33333333333333326,0.913043478260871,0.8983050847457577,0.0,0.0,0.8181818181818181,0.8,0.0,0.0,0.0,0.0,1.0,0.0,0.0,1.0,0.4,0.6621621621621622,0.0,0.0,0.20542372881355936,0.6460032626427405,0.0,0.0,0.0,0.0,0.35694249649368864,0.0,0.0,0.234718826405868,1.0,0.0,0.5,0.0,0.3333333333333333,0.0,0.0,0.16666666666666663,0.0,0.0,0.0,0.913043478260871,0.5,0.6666666666666666,0.61529933481153,0.0,0.0,0.0,0.0,0.2645161290322581,0.0,0.0,0.0,0.0,0.0,0.6363636363636364,0.75,0.0,0.0,0.4934939759036145
0.6666666666666667,0.0,0.5428571428571428,0.37045252883762203,0.0,1.0,0.0,0.0,1.0,0.0,0.8421052631578947,0.0,0.0,0.0,0.7142857142857142,0.75,0.33333333333333326,0.9420289855072461,0.9322033898305051,0.0,0.0,0.8181818181818181,0.8,0.0,0.0,0.0,0.0,1.0,0.0,0.0,0.5,0.4,0.27106518282988873,0.0,0.0,0.496271186440678,0.5946166394779773,0.0,0.0,0.0,0.0,0.2959326788218794,0.6661490683229814,0.0,0.7059902200488997,0.0,0.0,0.5,1.0,0.6666666666666667,0.0,0.0,0.6666666666666666,0.0,0.5,0.0,0.9420289855072461,0.5,0.6666666666666666,0.7638580931263859,0.0,0.0,0.0,0.0,0.3096774193548387,0.0,0.0,0.0,0.0,0.0,0.09090909090909091,0.75,0.0,0.0,0.8216867469879519
0.6666666666666667,0.0,0.3999999999999999,0.7547471162377994,0.0,0.0,0.0,0.0,1.0,0.0,0.0,0.0,0.0,0.0,0.7142857142857142,0.75,0.33333333333333326,0.8985507246376798,0.8813559322033839,0.0,0.0,0.8181818181818181,0.8,0.0,0.41379310344827586,0.0,0.0,1.0,0.0,0.0,1.0,1.0,0.0,0.0,0.0,0.607457627118644,0.4502446982055465,0.0,0.0,0.0,0.0,0.1718092566619916,0.6521739130434783,0.0,0.5867970660146697,0.0,0.0,0.5,1.0,0.6666666666666667,0.0,0.0,0.4999999999999999,0.0,0.5,0.0,0.8985507246376798,0.5,0.6666666666666666,0.5254988913525499,0.0,0.0,0.0,0.39779005524861877,0.6193548387096774,0.0,0.0,0.0,0.0,0.0,0.09090909090909091,0.0,0.0,0.0,0.530120481927711
0.0,0.0,0.3999999999999999,0.26175687666370895,0.0,1.0,0.0,0.0,1.0,0.0,0.0,0.0,0.0,0.0,0.2857142857142857,0.75,0.33333333333333326,0.913043478260871,0.8983050847457577,0.0,0.0,0.8181818181818181,0.8,0.0,0.0,0.0,0.0,1.0,0.0,0.0,0.5,0.4,0.5556438791732909,0.0,0.0,0.4054237288135593,0.7773246329526917,0.0,0.0,0.0,0.0,0.453015427769986,0.0,0.0,0.3184596577017114,1.0,0.0,0.5,0.0,0.6666666666666667,0.0,0.0,0.33333333333333337,0.0,0.0,0.0,0.913043478260871,0.5,0.6666666666666666,0.5886917960088692,0.0,0.0,0.0,0.0,0.25161290322580643,0.0,0.0,0.0,0.0,0.0,0.8181818181818182,0.25,0.0,0.0,0.4939759036144579
0.6666666666666667,0.0,0.6142857142857142,0.5160603371783496,0.0,1.0,0.0,0.0,0.0,0.0,0.9473684210526316,0.0,0.0,0.0,0.7142857142857142,0.75,0.33333333333333326,0.8985507246376798,0.8983050847457577,0.0,0.0,0.8181818181818181,0.8,0.0,0.12643678160919541,0.0,0.0,1.0,0.0,0.0,1.0,0.4,0.49602543720190784,0.0,0.0,0.10372881355932205,0.35318107667210435,0.0,0.0,0.0,0.0,0.0932678821879383,0.8307453416149068,0.0,0.658924205378973,1.0,0.0,0.5,1.0,1.0,0.0,0.0,0.6666666666666666,0.0,0.5,0.5,0.8985507246376798,0.0,0.6666666666666666,0.565410199556541,0.0,0.0,0.0,0.0,0.25806451612903225,0.0,0.0,0.0,0.0,0.0,0.09090909090909091,1.0,0.0,0.0,0.6380722891566266
0.6666666666666667,0.0,0.4571428571428571,0.5102040816326531,0.0,1.0,0.0,0.0,0.0,0.0,0.0,0.0,0.0,0.0,0.7142857142857142,1.0,0.33333333333333326,0.8985507246376798,0.8813559322033839,0.0,0.0,0.18181818181818188,0.0,0.0,0.0,0.0,0.0,1.0,0.0,0.0,0.5,1.0,0.0,0.0,0.0,0.7376271186440678,0.6068515497553018,0.0,0.0,0.0,0.0,0.32117812061711076,0.8858695652173912,0.0,0.9009779951100243,0.0,0.0,0.5,1.0,1.0,0.0,0.0,0.8333333333333334,0.0,0.5,0.0,0.8985507246376798,1.0,0.6666666666666666,0.8636363636363636,0.0,0.0,0.0,0.0,0.0,0.0,0.0,0.0,0.0,0.0,0.36363636363636365,0.5,0.0,0.0,0.8356626506024096
0.6666666666666667,0.0,0.4714285714285714,0.25732031943212075,0.0,1.0,0.0,0.0,1.0,0.0,0.47368421052631576,0.0,0.0,0.0,0.7142857142857142,1.0,0.6666666666666667,0.8840579710144922,0.8644067796610173,0.0,0.0,0.8181818181818181,0.8,0.0,0.0,0.0,0.0,1.0,0.0,0.0,1.0,0.4,0.5111287758346582,0.0,0.0,0.08610169491525424,0.34747145187601963,0.0,0.0,0.0,0.0,0.08345021037868167,0.6638198757763975,0.0,0.5189486552567237,1.0,0.0,0.5,1.0,0.6666666666666667,0.0,0.0,0.33333333333333337,0.0,0.0,0.0,0.8840579710144922,0.0,0.6666666666666666,0.5853658536585366,0.0,0.0,0.0,0.0,0.2903225806451613,0.0,0.0,0.0,0.0,0.0,0.9090909090909091,0.75,0.0,0.0,0.6963855421686747
1.0,0.0,0.4571428571428571,0.4688553682342502,0.0,0.0,0.0,0.0,0.5,0.0,0.15789473684210525,0.0,0.0,0.0,1.0,0.75,0.33333333333333326,0.7391304347826093,0.7118644067796609,0.0,0.0,0.2727272727272727,0.10000000000000009,0.0,0.21839080459770116,0.0,0.0,1.0,0.0,0.0,1.0,1.0,0.0,0.0,0.0,0.23322033898305083,0.0,0.0,0.5,0.0,0.0,0.07784011220196357,0.5201863354037267,0.0,0.40097799511002447,0.0,0.0,0.5,1.0,0.6666666666666667,0.0,0.0,0.4999999999999999,0.0,0.5,0.0,0.7391304347826093,0.5,0.6666666666666666,0.44567627494456763,0.0,0.0,0.0,0.4530386740331491,0.0,0.0,0.0,0.0,0.0,0.0,0.36363636363636365,0.25,0.0,0.0,0.3734939759036145
0.0,0.0,0.3285714285714285,0.13522626441881103,0.0,1.0,0.0,0.0,1.0,0.0,0.10526315789473684,0.0,0.0,0.0,0.2857142857142857,0.0,0.33333333333333326,0.9420289855072461,0.9322033898305051,0.0,0.0,0.8181818181818181,0.8,0.0,0.0,1.0,0.0,1.0,0.0,0.0,1.0,0.4,0.8139904610492846,0.0,0.0,0.046101694915254246,0.6101141924959217,0.0,0.0,0.0,0.0,0.3092566619915848,0.0,0.0,0.19315403422982885,1.0,0.0,0.0,1.0,0.3333333333333333,0.0,0.0,0.16666666666666663,0.0,0.0,0.0,0.9420289855072461,0.0,0.6666666666666666,0.5,0.0,0.0,0.0,0.6961325966850829,0.4129032258064516,0.0,0.0,0.0,0.0,0.0,0.4545454545454545,0.5,0.0,0.0,0.4506024096385543
0.6666666666666667,0.0,0.757142857142857,0.5205856255545698,0.0,1.0,0.0,0.0,0.0,0.0,0.0,0.0,0.0,0.0,0.7142857142857142,1.0,0.33333333333333326,0.8985507246376798,0.8813559322033839,0.0,0.0,0.8181818181818181,0.8,0.0,0.603448275862069,0.0,0.0,1.0,0.0,0.0,0.5,0.4,0.7408585055643879,0.0,0.0,0.06305084745762712,0.5554649265905383,0.0,0.0,0.0,0.0,0.2805049088359047,0.6972049689440993,0.0,0.7169926650366747,1.0,0.0,0.5,1.0,0.6666666666666667,0.0,0.0,0.4999999999999999,0.0,0.5,0.0,0.8985507246376798,0.0,0.6666666666666666,0.6496674057649667,0.0,0.0,0.0,0.5497237569060773,0.3870967741935484,0.0,0.0,0.0,0.0,0.0,0.9090909090909091,0.0,0.0,0.0,0.8313253012048194
0.6666666666666667,0.0,0.3142857142857143,0.2073646850044366,0.0,0.0,0.0,0.0,1.0,0.0,0.15789473684210525,0.0,0.0,0.0,0.7142857142857142,0.5,0.9999999999999998,0.7681159420289845,0.7457627118644012,0.0,0.0,0.8181818181818181,0.8,0.0,0.0,0.0,0.0,1.0,0.0,0.0,1.0,1.0,0.0,0.0,0.0,0.5145762711864407,0.33849918433931486,0.0,0.5,0.0,0.0,0.07573632538569425,0.5993788819875776,0.0,0.46149144254278723,0.0,0.0,0.5,1.0,0.6666666666666667,0.0,1.0,0.4999999999999999,0.0,0.5,0.0,0.7681159420289845,0.5,0.6666666666666666,0.4212860310421286,0.0,0.0,0.0,0.0,0.25806451612903225,0.0,0.0,0.0,0.0,0.0,0.36363636363636365,0.75,0.0,0.0,0.46024096385542174
0.0,0.0,0.3999999999999999,0.29059449866903286,0.0,1.0,0.0,0.0,1.0,0.0,0.0,0.0,0.0,0.0,0.2857142857142857,0.25,0.33333333333333326,0.7826086956521721,0.7457627118644012,0.0,0.0,0.8181818181818181,0.8,0.0,0.0,1.0,0.0,1.0,0.0,0.0,1.0,0.4,0.3934817170111288,0.0,0.0,0.30847457627118646,0.4942903752039152,0.0,0.5,0.0,0.0,0.2096774193548387,0.0,0.0,0.10635696821515889,0.0,0.0,0.0,0.0,0.6666666666666667,0.0,1.0,0.16666666666666663,0.0,0.0,0.0,0.8115942028985508,1.0,0.3333333333333333,0.33148558758314856,0.0,0.0,0.0,0.0,0.4129032258064516,0.0,0.0,0.0,0.0,0.0,0.2727272727272727,0.25,0.0,0.0,0.20963855421686756
0.0,0.0,0.4714285714285714,0.288287488908607,0.0,1.0,0.0,0.0,1.0,0.0,0.0,0.0,0.0,0.0,0.2857142857142857,0.75,0.33333333333333326,0.8985507246376798,0.8813559322033839,0.0,0.0,0.8181818181818181,0.8,0.0,0.28735632183908044,0.0,0.0,1.0,0.0,0.0,1.0,1.0,0.0,0.0,0.0,0.9620338983050848,0.8768352365415988,0.0,0.0,0.0,0.0,0.5385694249649369,0.0,0.0,0.39303178484107576,0.0,0.0,0.5,0.0,0.6666666666666667,0.0,0.0,0.33333333333333337,0.0,0.5,0.0,0.8985507246376798,0.5,0.6666666666666666,0.5842572062084257,0.0,0.0,0.0,0.5303867403314917,0.25161290322580643,0.0,0.0,0.0,0.0,0.0,0.7272727272727273,0.25,0.0,0.0,0.527710843373494
0.6666666666666667,0.0,0.4571428571428571,0.6682342502218279,0.0,0.3333333333333333,0.0,0.0,0.0,0.0,0.15789473684210525,0.0,0.0,0.0,0.7142857142857142,0.5,0.33333333333333326,0.7971014492753632,0.7796610169491487,0.0,0.0,0.2727272727272727,0.10000000000000009,0.0,0.0,1.0,0.0,1.0,0.0,0.0,1.0,0.0,0.4705882352941177,0.0,0.0,0.04000000000000001,0.25040783034257746,0.0,0.5,0.0,0.0,0.0,0.6265527950310559,0.0,0.41687041564792177,0.0,0.0,0.5,1.0,0.6666666666666667,0.0,1.0,0.33333333333333337,0.0,0.5,0.0,0.7971014492753632,0.0,0.6666666666666666,0.4534368070953437,0.0,0.0,0.0,0.8701657458563535,0.2838709677419355,0.0,0.0,0.0,0.0,0.0,0.5454545454545454,0.0,0.0,0.0,0.5060240963855422
0.0,0.0,0.5857142857142857,0.3386867790594499,0.0,0.0,0.0,0.0,1.0,0.0,0.0,0.0,0.0,0.0,0.2857142857142857,0.5,0.33333333333333326,0.9565217391304337,0.9491525423728788,0.0,0.0,0.8181818181818181,0.8,0.0,0.0,0.0,0.0,1.0,0.0,0.0,1.0,0.4,0.01907790143084261,0.0,0.0,0.8474576271186441,0.7585644371941274,0.0,0.5,0.0,0.0,0.4368863955119215,0.0,0.0,0.30440097799510996,0.0,0.0,0.5,0.0,0.6666666666666667,0.0,0.0,0.33333333333333337,0.0,0.5,0.0,0.9565217391304337,0.5,0.6666666666666666,0.4878048780487805,0.0,0.0,0.0,0.0,0.14193548387096774,0.0,0.0,0.0,0.0,0.0,0.1818181818181818,0.25,0.0,0.0,0.45268433734939767
0.6666666666666667,0.0,0.4571428571428571,0.22182786157941436,0.0,1.0,0.0,0.0,1.0,0.0,0.15789473684210525,0.0,0.0,0.0,0.7142857142857142,0.5,0.33333333333333326,0.7971014492753632,0.7796610169491487,0.0,0.0,0.2727272727272727,0.10000000000000009,0.0,0.0,1.0,0.0,1.0,0.0,0.0,1.0,0.4,0.1740858505564388,0.0,0.0,0.34847457627118644,0.3172920065252855,0.0,0.5,0.0,0.0,0.05750350631136042,0.687111801242236,0.0,0.5146699266503667,1.0,0.0,0.5,1.0,0.6666666666666667,0.0,1.0,0.6666666666666666,0.0,0.5,0.0,0.7971014492753632,0.0,0.6666666666666666,0.4778270509977827,0.0,0.0,0.0,0.6187845303867403,0.5419354838709678,0.0,0.0,0.0,0.0,0.0,0.4545454545454545,0.5,0.0,0.0,0.5084337349397592
0.0,0.0,0.41428571428571426,0.30372670807453417,0.0,1.0,0.0,0.0,1.0,0.0,0.3684210526315789,0.0,0.0,0.0,0.2857142857142857,0.25,0.9999999999999998,0.18840579710144922,0.9491525423728788,0.0,0.0,0.9090909090909092,0.9000000000000001,0.0,0.0,1.0,0.0,0.5,1.0,0.0,1.0,0.2,0.5111287758346582,0.0,0.0,0.22033898305084748,0.5089722675367048,0.0,0.5,0.0,0.0,0.22230014025245443,0.0,0.0,0.11735941320293392,1.0,0.0,0.0,0.0,0.3333333333333333,0.0,0.0,0.33333333333333337,0.0,0.0,0.0,0.18840579710144922,1.0,0.3333333333333333,0.2660753880266075,0.0,0.0,0.0,0.0,0.11612903225806452,0.0,0.0,0.0,0.0,0.0,0.36363636363636365,0.25,0.0,0.0,0.25060240963855424
1.0,0.0,0.4571428571428571,0.3216503992901508,0.0,0.0,0.0,0.0,1.0,0.0,0.15789473684210525,0.0,0.0,0.0,1.0,0.75,0.33333333333333326,0.7536231884057969,0.7118644067796609,0.0,0.0,0.2727272727272727,0.10000000000000009,0.0,0.4885057471264368,1.0,0.0,1.0,0.0,0.0,1.0,1.0,0.0,0.0,0.0,0.23322033898305083,0.0,0.0,0.5,0.0,0.0,0.0848527349228611,0.5201863354037267,0.0,0.4070904645476772,0.0,0.0,0.5,1.0,0.6666666666666667,0.0,0.0,0.4999999999999999,0.0,0.5,0.0,0.7536231884057969,0.0,0.6666666666666666,0.43458980044345896,0.0,0.0,0.0,0.2762430939226519,0.16129032258064516,0.0,0.0,0.0,0.0,0.0,0.5454545454545454,0.25,0.0,0.0,0.39228915662650604
0.6666666666666667,0.0,0.6142857142857142,0.3840283939662822,0.0,0.0,0.0,0.0,1.0,0.0,0.7894736842105263,0.0,0.0,0.0,0.7142857142857142,1.0,0.33333333333333326,0.7971014492753632,0.762711864406775,0.0,0.0,0.8181818181818181,0.8,0.0,0.0,0.0,0.0,1.0,0.0,0.0,1.0,0.4,0.46422893481717015,0.0,0.0,0.3416949152542373,0.6068515497553018,0.0,0.0,0.0,0.0,0.31626928471248245,0.6816770186335404,0.0,0.7359413202933984,0.0,0.0,0.5,1.0,0.6666666666666667,0.0,0.0,0.6666666666666666,0.0,0.5,0.0,0.7971014492753632,0.5,0.6666666666666666,0.516629711751663,0.0,0.0,0.0,0.0,1.0,0.0,0.0,0.0,0.0,0.0,0.4545454545454545,0.75,0.0,0.0,0.7566265060240964
0.0,0.0,0.4571428571428571,0.5057675244010648,0.0,1.0,0.0,0.0,1.0,0.0,0.7894736842105263,0.0,0.0,0.0,0.2857142857142857,0.5,0.33333333333333326,0.6521739130434767,0.5932203389830448,0.0,0.0,0.9090909090909092,1.0,0.0,0.2442528735632184,0.0,0.0,0.5,0.0,0.0,1.0,0.4,1.0,0.0,0.0,0.0,0.7455138662316476,0.0,1.0,0.0,0.0,0.4256661991584853,0.0,0.0,0.2946210268948655,1.0,0.0,0.5,0.0,0.6666666666666667,0.0,0.0,0.16666666666666663,0.0,0.5,0.0,0.6521739130434767,1.0,0.6666666666666666,0.4467849223946785,0.0,0.0,0.0,0.4558011049723757,0.16774193548387098,0.0,0.0,0.0,0.0,0.0,0.36363636363636365,0.0,0.0,0.0,0.46987951807228917
0.0,0.0,0.0,0.12874889086069208,0.0,0.0,0.0,0.0,0.25,0.0,0.31578947368421056,0.0,0.0,0.0,0.2857142857142857,0.25,0.33333333333333326,0.6376811594202891,0.5932203389830448,0.0,0.0,0.2727272727272727,0.5,0.0,0.0,1.0,0.0,0.5,1.0,0.0,1.0,0.0,0.5230524642289348,0.0,0.0,0.12067796610169491,0.4013050570962479,0.0,1.0,0.0,0.0,0.16269284712482474,0.0,0.0,0.0654034229828851,1.0,0.0,0.0,0.0,0.6666666666666667,0.0,1.0,0.16666666666666663,0.0,0.0,0.0,0.6376811594202891,1.0,0.3333333333333333,0.2926829268292683,0.0,0.0,0.0,1.0,0.0,0.0,0.0,0.0,0.0,0.0,0.8181818181818182,0.5,0.0,0.0,0.1783132530120482
0.6666666666666667,0.0,0.44285714285714284,0.3047914818101154,0.0,0.0,0.0,0.0,1.0,0.0,0.0,0.0,0.0,0.0,0.7142857142857142,0.75,0.33333333333333326,0.8985507246376798,0.8813559322033839,0.0,0.0,0.8181818181818181,0.8,0.0,0.2729885057471264,0.0,0.0,1.0,0.0,0.0,1.0,1.0,0.0,0.0,0.0,0.536271186440678,0.364600326264274,0.0,0.0,0.0,0.0,0.09817671809256662,0.6436335403726707,0.0,0.5158924205378972,0.0,0.0,0.5,1.0,0.6666666666666667,0.0,0.0,0.4999999999999999,0.0,0.0,0.0,0.8985507246376798,0.5,0.6666666666666666,0.5465631929046563,0.0,0.0,0.0,0.39779005524861877,0.43870967741935485,0.0,0.0,0.0,0.0,0.0,0.5454545454545454,0.75,0.0,0.0,0.5421686746987953
0.6666666666666667,0.0,0.3285714285714285,0.17746228926353147,0.0,1.0,0.0,0.0,1.0,0.0,0.15789473684210525,0.0,0.0,0.0,0.7142857142857142,0.75,0.33333333333333326,0.8550724637681171,0.8305084745762699,0.0,0.0,0.8181818181818181,0.8,0.0,0.0,1.0,0.0,1.0,1.0,0.0,1.0,1.0,0.0,0.0,0.0,0.6467796610169492,0.49755301794453505,0.0,0.5,0.0,0.0,0.2363253856942497,0.6024844720496894,0.0,0.6039119804400976,0.0,0.0,0.5,1.0,0.6666666666666667,0.0,0.0,0.4999999999999999,0.0,0.5,0.0,0.8550724637681171,0.0,0.6666666666666666,0.49002217294900224,0.0,0.0,0.0,0.3867403314917127,0.3870967741935484,0.0,0.0,0.0,0.0,0.0,0.4545454545454545,1.0,0.0,0.0,0.5132530120481928
0.6666666666666667,0.0,0.19999999999999996,0.22440106477373556,0.0,0.0,0.0,0.0,1.0,0.0,0.15789473684210525,0.0,0.0,0.0,0.7142857142857142,0.5,0.33333333333333326,0.9420289855072461,0.9322033898305051,0.0,0.0,0.8181818181818181,0.8,0.0,0.0,1.0,0.0,1.0,0.0,0.0,1.0,1.0,0.0,0.0,0.0,0.4664406779661017,0.2805872756933116,0.0,0.0,0.0,0.0,0.02594670406732119,0.5652173913043478,0.0,0.3911980440097799,0.0,0.0,0.5,1.0,0.6666666666666667,0.0,0.0,0.6666666666666666,0.0,0.0,0.0,0.9420289855072461,0.0,0.6666666666666666,0.4434589800443459,0.0,0.0,0.0,0.2762430939226519,0.15483870967741936,0.0,0.0,0.0,0.0,0.0,0.5454545454545454,0.5,0.0,0.0,0.4506024096385543
0.0,0.0,0.4714285714285714,0.3194321206743568,0.0,1.0,0.0,0.0,1.0,0.0,0.0,0.0,0.0,0.0,0.2857142857142857,0.75,0.33333333333333326,0.8840579710144922,0.8644067796610173,0.0,0.0,0.8181818181818181,0.8,0.0,0.0,0.0,0.0,1.0,0.0,0.0,1.0,1.0,0.0,0.0,0.0,0.7945762711864407,0.6753670473083198,0.0,0.0,0.0,0.0,0.3653576437587657,0.0,0.0,0.24205378973105135,0.0,0.0,0.5,0.0,0.6666666666666667,0.0,0.0,0.33333333333333337,0.0,0.0,0.0,0.8840579710144922,0.5,0.6666666666666666,0.6352549889135255,0.0,0.0,0.0,0.9834254143646408,0.0,0.0,0.0,0.0,0.0,0.0,0.4545454545454545,0.75,0.0,0.0,0.46024096385542174
0.0,0.0,0.5428571428571428,0.5088731144631766,0.0,1.0,0.0,0.0,1.0,0.0,0.736842105263158,0.0,0.0,0.0,0.2857142857142857,0.0,0.33333333333333326,0.33333333333333215,0.4915254237288096,0.0,0.0,0.2727272727272727,0.10000000000000009,0.0,0.14655172413793102,1.0,0.0,0.5,1.0,0.0,1.0,0.8,0.4348171701112878,0.0,0.0,0.31457627118644066,0.5440456769983686,0.0,0.5,0.0,0.0,0.4845722300140252,0.0,0.0,0.3459657701711491,0.0,0.0,0.0,1.0,0.6666666666666667,0.0,1.0,0.33333333333333337,0.0,0.5,0.0,0.4927536231884062,1.0,0.6666666666666666,0.508869179600887,0.0,0.0,0.0,0.0,0.5290322580645161,0.0,0.0,0.0,0.0,0.0,0.8181818181818182,0.0,0.0,0.0,0.31566265060240967
0.0,0.0,0.5857142857142857,0.41171251109139306,0.0,1.0,0.0,0.0,1.0,0.0,0.47368421052631576,0.0,0.0,0.0,0.2857142857142857,0.25,0.6666666666666667,0.5072463768115938,0.4237288135593218,0.0,0.0,0.2727272727272727,0.10000000000000009,0.0,0.0,1.0,0.0,0.5,0.0,0.0,1.0,0.0,0.6263910969793323,0.0,0.0,0.15457627118644068,0.5481239804241436,0.0,0.0,0.0,0.0,0.2685834502103787,0.0,0.0,0.15770171149144246,1.0,0.0,0.0,1.0,0.6666666666666667,0.0,1.0,0.33333333333333337,0.0,0.0,0.0,0.5072463768115938,0.5,0.6666666666666666,0.5487804878048781,0.0,0.0,0.0,0.0,0.567741935483871,0.0,0.0,0.0,0.0,0.0,0.5454545454545454,0.0,0.0,0.0,0.34216867469879525
0.6666666666666667,0.0,0.05714285714285716,0.6116237799467614,0.0,0.3333333333333333,0.0,0.0,0.5,0.0,0.0,0.0,0.0,0.0,0.7142857142857142,0.75,0.33333333333333326,0.9275362318840585,0.9322033898305051,0.0,0.0,0.8181818181818181,0.8,0.0,0.0,0.0,0.0,1.0,0.0,0.0,1.0,1.0,0.0,0.0,0.0,0.5471186440677966,0.37765089722675366,0.0,0.0,0.0,0.0,0.1093969144460028,0.8548136645962733,0.0,0.6919315403422983,0.0,0.0,0.5,1.0,1.0,0.0,0.0,0.6666666666666666,0.0,0.5,0.5,0.9275362318840585,0.0,0.6666666666666666,0.4811529933481153,0.0,0.0,0.0,0.2762430939226519,0.3096774193548387,0.0,0.0,0.0,0.0,0.0,0.7272727272727273,0.0,0.0,0.0,0.5421686746987953
0.6666666666666667,0.0,0.3999999999999999,0.23584738243123338,0.0,1.0,0.0,0.0,1.0,0.0,0.0,0.0,0.0,0.0,0.7142857142857142,0.75,0.33333333333333326,0.913043478260871,0.8983050847457577,0.0,0.0,0.8181818181818181,0.8,0.0,0.7241379310344828,0.0,0.0,1.0,0.0,0.0,1.0,0.4,0.4372019077901431,0.0,0.0,0.1993220338983051,0.4078303425774878,0.0,0.0,0.0,0.0,0.13534361851332405,0.686335403726708,0.0,0.5819070904645476,1.0,0.0,0.5,1.0,0.6666666666666667,0.0,0.0,0.6666666666666666,0.0,0.0,0.0,0.913043478260871,0.5,0.6666666666666666,0.6019955654101996,0.0,0.0,0.0,0.0,0.4064516129032258,0.0,0.0,0.0,0.0,0.0,0.5454545454545454,0.5,0.0,0.0,0.6862650602409639
0.0,0.0,0.4285714285714285,0.3822537710736469,0.0,0.0,0.0,0.0,1.0,0.0,0.0,0.0,0.0,0.0,0.2857142857142857,0.75,0.33333333333333326,0.8985507246376798,0.8813559322033839,0.0,0.0,0.8181818181818181,0.8,0.0,0.3160919540229885,0.0,0.0,1.0,0.0,0.0,1.0,0.4,0.6263910969793323,0.0,0.0,0.5050847457627119,0.969820554649266,0.0,0.0,0.0,0.0,0.6185133239831697,0.0,0.0,0.46271393643031783,1.0,0.0,0.5,0.0,0.6666666666666667,0.0,0.0,0.33333333333333337,0.0,0.0,0.0,0.8985507246376798,0.5,0.6666666666666666,0.6031042128603105,0.0,0.0,0.0,0.0,0.4645161290322581,0.0,0.0,0.0,0.0,0.0,0.1818181818181818,0.75,0.0,0.0,0.6963855421686747
0.6666666666666667,0.0,0.4571428571428571,0.4669032830523514,0.0,0.0,0.0,0.0,0.25,0.0,0.15789473684210525,0.0,0.0,0.0,0.7142857142857142,0.75,0.33333333333333326,0.8550724637681171,0.8305084745762699,0.0,0.0,0.8181818181818181,0.8,0.0,0.9885057471264368,0.0,0.0,1.0,0.0,0.0,1.0,0.4,0.5516693163751988,0.0,0.0,0.16542372881355932,0.4845024469820555,0.0,0.0,0.0,0.0,0.2201963534361851,0.7593167701863354,0.0,0.713325183374083,0.0,0.0,0.5,1.0,0.6666666666666667,0.0,0.0,0.8333333333333334,0.0,0.5,0.0,0.8550724637681171,0.0,0.6666666666666666,0.5432372505543237,0.0,0.0,0.0,0.0,0.0,0.0,0.0,0.0,0.0,0.0,0.36363636363636365,0.75,0.0,0.0,0.6867469879518073
0.0,0.0,0.4571428571428571,0.14667258207630884,0.0,1.0,0.0,0.0,1.0,0.0,0.7894736842105263,0.0,0.0,0.0,0.2857142857142857,0.5,0.33333333333333326,0.7391304347826093,0.6949152542372872,0.0,0.0,0.2727272727272727,0.10000000000000009,0.0,0.25287356321839083,1.0,0.0,0.5,0.0,0.0,1.0,0.4,0.9538950715421304,0.0,0.0,0.025762711864406783,0.7292006525285482,0.0,0.5,0.0,0.0,0.4228611500701262,0.0,0.0,0.29217603911980433,1.0,0.0,0.5,0.0,0.6666666666666667,0.0,0.0,0.33333333333333337,0.0,0.0,0.0,0.7391304347826093,0.5,0.6666666666666666,0.549889135254989,0.0,0.0,0.0,0.30939226519337015,0.32903225806451614,0.0,0.0,0.0,0.0,0.0,0.4545454545454545,0.5,0.0,0.0,0.46602409638554226
0.6666666666666667,0.0,0.9999999999999999,0.41579414374445434,0.0,0.0,0.0,0.0,1.0,0.0,0.5263157894736843,0.0,0.0,0.0,0.7142857142857142,0.75,0.33333333333333326,0.7536231884057969,0.7118644067796609,0.0,0.0,0.2727272727272727,0.10000000000000009,0.0,0.0,0.0,0.0,1.0,0.0,0.0,1.0,0.4,0.5357710651828299,0.0,0.0,0.024406779661016953,0.29853181076672103,0.0,0.0,0.0,0.0,0.25946704067321175,0.6692546583850931,0.0,0.6766503667481663,1.0,0.0,0.5,1.0,0.6666666666666667,0.0,0.0,0.6666666666666666,0.0,0.5,0.0,0.7536231884057969,0.5,0.6666666666666666,0.6252771618625277,0.0,0.0,0.0,0.6629834254143646,0.25161290322580643,0.0,0.0,0.0,0.0,0.0,0.4545454545454545,1.0,0.0,0.0,0.5180722891566265
0.6666666666666667,0.0,0.8285714285714286,0.7054125998225378,0.0,0.0,0.0,0.0,0.0,0.0,0.0,0.0,0.0,0.0,0.7142857142857142,0.75,0.33333333333333326,0.8985507246376798,0.8813559322033839,0.0,0.0,0.8181818181818181,0.8,0.0,0.0,0.0,0.0,1.0,0.0,0.0,1.0,0.4,0.5564387917329094,0.0,0.0,0.1193220338983051,0.43393148450244695,0.0,0.0,0.0,0.0,0.1605890603085554,0.7305900621118012,0.0,0.6387530562347188,1.0,0.0,0.5,1.0,0.6666666666666667,0.0,0.0,0.6666666666666666,0.0,0.0,0.5,0.8985507246376798,0.5,0.6666666666666666,0.5454545454545454,0.0,0.0,0.0,0.4033149171270718,0.5870967741935483,0.0,0.0,0.0,0.0,0.0,0.4545454545454545,0.0,0.0,0.0,0.566265060240964
0.6666666666666667,0.0,0.4571428571428571,0.34383318544809227,0.0,1.0,0.0,0.0,1.0,0.0,0.0,0.0,0.0,0.0,0.7142857142857142,1.0,0.33333333333333326,0.8985507246376798,0.8813559322033839,0.0,0.0,0.8181818181818181,0.8,0.0,0.4281609195402299,0.0,0.0,1.0,0.0,0.0,1.0,1.0,0.0,0.0,0.0,0.8433898305084746,0.734094616639478,0.0,0.0,0.0,0.0,0.41584852734922867,0.687111801242236,0.0,0.8270171149144254,0.0,0.0,0.5,1.0,0.6666666666666667,0.0,0.0,0.4999999999999999,0.0,0.5,0.0,0.8985507246376798,0.5,0.6666666666666666,0.7172949002217295,0.0,0.0,0.0,0.5303867403314917,0.5612903225806452,0.0,0.0,0.0,0.0,0.0,0.6363636363636364,0.25,0.0,0.0,0.7036144578313253
1.0,0.0,0.9285714285714285,0.4163265306122449,0.0,0.0,0.0,0.0,1.0,0.0,0.47368421052631576,0.0,0.0,0.0,1.0,0.75,0.6666666666666667,0.4057971014492736,0.7118644067796609,0.0,0.0,0.4545454545454546,0.30000000000000004,0.0,0.410919540229885,1.0,0.0,0.5,1.0,0.0,1.0,1.0,0.0,0.0,0.0,0.3593220338983051,0.15171288743882544,0.0,0.5,0.0,0.0,0.37237026647966337,0.5419254658385093,0.0,0.6748166259168704,0.0,0.0,1.0,0.0,1.0,0.0,0.0,0.6666666666666666,0.0,0.5,0.0,0.4057971014492736,0.5,0.6666666666666666,0.5399113082039911,0.0,0.0,0.0,0.0,0.632258064516129,0.0,0.0,0.0,0.0,0.0,0.7272727272727273,0.0,0.0,0.0,0.4216867469879519
0.0,0.0,0.4571428571428571,0.3528837622005324,0.0,1.0,0.0,0.0,0.0,0.0,0.3684210526315789,0.0,0.0,0.0,0.2857142857142857,0.25,0.33333333333333326,0.37681159420289845,0.2711864406779654,0.0,0.0,0.2727272727272727,0.10000000000000009,0.0,0.1867816091954023,1.0,0.0,0.5,1.0,0.0,1.0,0.8,0.2702702702702703,0.0,0.0,0.328135593220339,0.3915171288743882,0.0,1.0,0.0,0.0,0.14095371669004203,0.0,0.0,0.04645476772616136,0.0,0.0,0.0,0.0,0.6666666666666667,0.0,1.0,0.16666666666666663,0.0,0.0,0.0,0.37681159420289845,0.5,0.3333333333333333,0.2926829268292683,0.0,0.0,0.0,0.0,0.0,0.0,0.0,0.0,0.0,0.0,0.8181818181818182,0.5,0.0,0.0,0.13253012048192775
0.0,0.0,0.4571428571428571,0.6244010647737357,0.0,0.0,0.0,0.0,0.25,0.0,0.3684210526315789,0.0,0.0,0.0,0.2857142857142857,0.25,0.6666666666666667,0.4492753623188399,0.9830508474576263,0.0,0.0,0.8181818181818181,0.8,0.0,0.0,1.0,0.0,0.5,1.0,0.0,1.0,0.4,0.5834658187599364,0.0,0.0,0.20610169491525426,0.5660685154975531,0.0,0.0,0.0,0.0,0.2713884992987377,0.0,0.0,0.16014669926650366,1.0,0.0,0.0,1.0,0.6666666666666667,0.0,1.0,0.33333333333333337,0.0,0.5,0.0,0.4492753623188399,0.0,0.6666666666666666,0.5543237250554324,0.0,0.0,0.0,0.0,0.0,0.0,0.0,0.0,0.0,0.0,0.2727272727272727,1.0,0.0,0.0,0.3248192771084338
1.0,0.0,0.5142857142857143,0.37577639751552794,0.0,1.0,0.0,0.0,1.0,0.0,0.9473684210526316,0.0,0.0,0.0,1.0,0.25,0.33333333333333326,0.9565217391304337,0.9661016949152526,0.0,0.0,0.8181818181818181,0.8,0.0,0.0,1.0,0.0,1.0,0.0,0.0,1.0,1.0,0.0,0.0,0.0,0.23322033898305083,0.0,0.0,0.5,0.0,0.0,0.04417952314165502,0.49689440993788814,0.0,0.35330073349633245,0.0,0.0,0.5,1.0,0.6666666666666667,0.0,0.0,0.4999999999999999,0.0,0.0,0.5,0.9710144927536213,0.0,0.6666666666666666,0.4434589800443459,0.0,0.0,0.0,0.2762430939226519,0.0,0.0,0.0,0.0,0.0,0.0,0.36363636363636365,0.5,0.0,0.0,0.4096385542168675
0.0,0.0,0.4571428571428571,0.6588287488908606,0.0,0.0,0.0,0.0,0.0,0.0,0.3684210526315789,0.0,0.0,0.0,0.2857142857142857,0.5,0.9999999999999998,0.43478260869565233,0.33898305084745317,0.0,0.0,0.0,0.5,0.0,0.0,1.0,0.0,0.5,1.0,0.0,0.5,0.2,0.6875993640699524,0.0,0.0,0.2033898305084746,0.6696574225122349,0.0,0.0,0.0,0.0,1.0,0.0,0.0,0.7952322738386308,0.0,0.0,0.5,1.0,1.0,0.0,1.0,0.4999999999999999,0.0,1.0,0.0,0.43478260869565233,0.0,0.6666666666666666,0.6097560975609756,0.0,0.0,0.0,0.0,0.2709677419354839,0.0,0.0,0.0,0.0,0.0,0.36363636363636365,0.5,0.0,0.0,0.7469879518072289
0.6666666666666667,0.0,0.3571428571428571,0.1699201419698314,0.0,0.0,0.0,0.0,1.0,0.0,0.15789473684210525,0.0,0.0,0.0,0.7142857142857142,0.5,0.33333333333333326,0.9275362318840585,0.9152542372881314,0.0,0.0,0.8181818181818181,0.8,0.0,0.0,1.0,0.0,1.0,1.0,0.0,1.0,0.4,0.6033386327503975,0.0,0.0,0.027118644067796613,0.3711256117455139,0.0,0.0,0.0,0.0,0.12131837307152876,0.5659937888198757,0.0,0.47493887530562345,1.0,0.0,0.5,1.0,0.6666666666666667,0.0,1.0,0.6666666666666666,0.0,0.5,0.0,0.9275362318840585,0.0,0.6666666666666666,0.44124168514412415,0.0,0.0,0.0,0.2762430939226519,0.4838709677419355,0.0,0.0,0.0,0.0,0.0,0.2727272727272727,0.5,0.0,0.0,0.5325301204819277
0.0,0.0,0.4571428571428571,0.2910381543921917,0.0,0.0,0.0,0.0,0.0,0.0,0.31578947368421056,0.0,0.0,0.0,0.2857142857142857,0.25,0.33333333333333326,0.6521739130434767,0.5932203389830448,0.0,0.0,0.2727272727272727,0.5,0.0,0.0,1.0,0.0,0.5,1.0,0.0,1.0,0.0,0.4968203497615263,0.0,0.0,0.11389830508474576,0.366231647634584,0.0,0.0,0.0,0.0,0.09957924263674617,0.0,0.0,0.01039119804400973,1.0,0.0,0.0,0.0,0.6666666666666667,0.0,1.0,0.16666666666666663,0.0,0.0,0.0,0.5797101449275353,1.0,0.0,0.0,0.0,0.0,0.0,0.0,0.0,0.0,0.0,0.0,0.0,0.0,0.1818181818181818,0.75,0.0,0.0,0.14216867469879518
0.6666666666666667,0.0,0.6,0.6140195208518191,0.0,1.0,0.0,0.0,1.0,0.0,0.0,0.0,0.0,0.0,0.7142857142857142,0.75,0.33333333333333326,0.8840579710144922,0.8644067796610173,0.0,0.0,0.8181818181818181,0.8,0.0,0.0,0.0,0.0,1.0,0.0,0.0,1.0,0.4,0.5294117647058824,0.0,0.0,0.16135593220338984,0.4567699836867863,0.0,0.0,0.0,0.0,0.1774193548387097,0.6956521739130435,0.0,0.6259168704156479,1.0,0.0,0.5,1.0,0.6666666666666667,0.0,0.0,0.33333333333333337,0.0,0.0,0.0,0.8840579710144922,0.5,0.6666666666666666,0.6895787139689579,0.0,0.0,0.0,0.0,0.2903225806451613,0.0,0.0,0.0,0.0,0.0,0.4545454545454545,0.75,0.0,0.0,0.7108433734939759
0.6666666666666667,0.0,0.7999999999999999,0.4224489795918368,0.0,0.0,0.0,0.0,1.0,0.0,0.15789473684210525,0.0,0.0,0.0,0.7142857142857142,0.5,0.33333333333333326,0.8695652173913047,0.8474576271186436,0.0,0.0,0.8181818181818181,0.8,0.0,0.9137931034482758,1.0,0.0,1.0,0.0,0.0,1.0,1.0,0.0,0.0,0.0,0.607457627118644,0.4502446982055465,0.0,0.0,0.0,0.0,0.19004207573632542,0.6444099378881987,0.0,0.5965770171149143,1.0,0.0,0.5,1.0,0.6666666666666667,0.0,1.0,0.6666666666666666,0.0,0.5,0.0,0.8695652173913047,0.0,0.6666666666666666,0.5,0.0,0.0,0.0,0.0,0.0,0.0,0.0,0.0,0.0,0.0,0.36363636363636365,0.5,0.0,0.0,0.5012048192771086
0.0,0.0,0.3285714285714285,0.31055900621118016,0.0,1.0,0.0,0.0,0.5,0.0,0.3684210526315789,0.0,0.0,0.0,0.2857142857142857,0.0,0.6666666666666667,0.4492753623188399,0.3559322033898269,0.0,0.0,0.2727272727272727,0.10000000000000009,0.0,0.0,1.0,0.0,1.0,1.0,0.0,1.0,0.0,0.4896661367249603,0.0,0.0,0.14101694915254237,0.3915171288743882,0.0,1.0,0.0,0.0,0.12131837307152876,0.0,0.0,0.029339853300733465,0.0,0.0,0.0,0.0,0.6666666666666667,0.0,1.0,0.16666666666666663,0.0,0.0,1.0,0.4927536231884062,1.0,0.6666666666666666,0.5853658536585366,0.0,0.0,0.0,0.0,0.0,0.0,0.0,0.0,0.0,0.0,0.36363636363636365,0.25,0.0,0.0,0.18313253012048197
0.6666666666666667,0.0,0.3571428571428571,0.21446317657497782,0.0,1.0,0.0,0.0,1.0,0.0,0.15789473684210525,0.0,0.0,0.0,0.7142857142857142,0.5,0.33333333333333326,0.8550724637681171,0.8474576271186436,0.0,0.0,0.8181818181818181,0.8,0.0,0.0,1.0,0.0,1.0,0.0,0.0,1.0,1.0,0.0,0.0,0.0,0.6189830508474576,0.4641109298531811,0.0,0.0,0.0,0.0,0.18373071528751755,0.5388198757763975,0.0,0.5079462102689485,0.0,0.0,0.5,1.0,0.6666666666666667,0.0,1.0,0.4999999999999999,0.0,0.5,0.0,0.8550724637681171,0.5,0.6666666666666666,0.5099778270509978,0.0,0.0,0.0,0.0,0.25806451612903225,0.0,0.0,0.0,0.0,0.0,0.6363636363636364,0.25,0.0,0.0,0.44578313253012053
